cytokine,collection,ID,Description,setSize,enrichmentScore,NES,pvalue,p.adjust,qvalue,rank,leading_edge,core_enrichment
ccl2,Hallmark,HALLMARK_KRAS_SIGNALING_UP,HALLMARK_KRAS_SIGNALING_UP,156,0.718635592250351,1.58091281331272,0.0221786298936151,0.681951793062904,0.681951793062904,525,"tags=8%, list=4%, signal=8%",SEMA3B/SPARCL1/PLVAP/IGFBP3/SCG3/MMP11/LAT2/DCBLD2/PCSK1N/ALDH1A2/SCN1B/PRKG2/LAPTM5
ccl2,Hallmark,HALLMARK_INTERFERON_ALPHA_RESPONSE,HALLMARK_INTERFERON_ALPHA_RESPONSE,66,0.764394212861433,1.57394194261118,0.088929219600726,0.681951793062904,0.681951793062904,392,"tags=8%, list=3%, signal=7%",CNP/NMI/IL7/OASL/PNPT1
ccl2,Hallmark,HALLMARK_COAGULATION,HALLMARK_COAGULATION,113,0.732020928952471,1.56337488118411,0.0618374558303887,0.681951793062904,0.681951793062904,620,"tags=11%, list=5%, signal=10%",ANXA1/F2RL2/MMP11/HTRA1/CTSE/RAPGEF3/PREP/CPB2/CFI/HPN/BMP1/RAC1
ccl2,Hallmark,HALLMARK_INTERFERON_GAMMA_RESPONSE,HALLMARK_INTERFERON_GAMMA_RESPONSE,149,0.67724580192717,1.47299567104477,0.0795053003533569,0.681951793062904,0.681951793062904,427,"tags=7%, list=3%, signal=7%",CD69/SPPL2A/NMI/FCGR1A/IL7/TAPBP/OASL/PNPT1/MT2A/IRF4
ccl2,Hallmark,HALLMARK_ANGIOGENESIS,HALLMARK_ANGIOGENESIS,28,0.716042198302326,1.45976948737397,0.198473282442748,0.681951793062904,0.681951793062904,106,"tags=7%, list=1%, signal=7%",VAV2/LRPAP1
ccl2,Hallmark,HALLMARK_APOPTOSIS,HALLMARK_APOPTOSIS,129,0.670316817520829,1.4513747188606,0.103508771929825,0.681951793062904,0.681951793062904,369,"tags=5%, list=3%, signal=5%",CD69/ANXA1/CFLAR/CD44/FEZ1/NEDD9
ccl2,Hallmark,HALLMARK_ESTROGEN_RESPONSE_EARLY,HALLMARK_ESTROGEN_RESPONSE_EARLY,165,0.649744998934891,1.43485379841919,0.0846560846560847,0.681951793062904,0.681951793062904,438,"tags=5%, list=3%, signal=5%",SEMA3B/DEPTOR/RAB17/CD44/TFAP2C/FHL2/NBL1/MYBL1/IL6ST
ccl2,Hallmark,HALLMARK_EPITHELIAL_MESENCHYMAL_TRANSITION,HALLMARK_EPITHELIAL_MESENCHYMAL_TRANSITION,169,-0.58927692609796,-1.42078456068932,0.100467289719626,0.681951793062904,0.681951793062904,611,"tags=7%, list=5%, signal=6%",COL5A1/COL4A1/BDNF/MMP14/SERPINH1/COL6A3/SPARC/RHOB/TGFBI/OXTR/CTHRC1
ccl2,Hallmark,HALLMARK_TNFA_SIGNALING_VIA_NFKB,HALLMARK_TNFA_SIGNALING_VIA_NFKB,151,0.62683368306122,1.36537830599431,0.137809187279152,0.681951793062904,0.681951793062904,524,"tags=7%, list=4%, signal=6%",CD69/CFLAR/CD44/TANK/RELB/PHLDA1/IL6ST/PFKFB3/NFKB2/CCL4
ccl2,Hallmark,HALLMARK_ADIPOGENESIS,HALLMARK_ADIPOGENESIS,157,0.601780154383295,1.3248561397583,0.16871704745167,0.681951793062904,0.681951793062904,724,"tags=9%, list=5%, signal=9%",DLAT/SPARCL1/PFKL/STOM/TANK/SNCG/ABCB8/PFKFB3/ACLY/NDUFB7/STAT5A/SLC19A1/RAB34/GPAM
ccl2,Hallmark,HALLMARK_APICAL_JUNCTION,HALLMARK_APICAL_JUNCTION,166,0.590197847373609,1.30741587746448,0.18006993006993,0.681951793062904,0.681951793062904,612,"tags=10%, list=5%, signal=9%",VAV2/CTNNA1/WASL/PARD6G/MYH10/SORBS3/SDC3/CADM3/TIAL1/CADM2/NECTIN3/GRB7/ITGA3/CERCAM/ARPC2/BMP1
ccl2,Hallmark,HALLMARK_ESTROGEN_RESPONSE_LATE,HALLMARK_ESTROGEN_RESPONSE_LATE,158,0.589467668362327,1.29445216840502,0.185185185185185,0.681951793062904,0.681951793062904,613,"tags=7%, list=5%, signal=7%",SEMA3B/PRKAR2B/CD44/TFAP2C/NBL1/MOCS2/IL6ST/SULT2B1/HSPA4L/MYB/FGFR3
ccl2,Hallmark,HALLMARK_MYOGENESIS,HALLMARK_MYOGENESIS,171,-0.531944766555875,-1.27946417936494,0.183962264150943,0.681951793062904,0.681951793062904,701,"tags=14%, list=5%, signal=13%",SPDEF/KLF5/FOXO4/DES/ITGA7/TAGLN/CRAT/FKBP1B/PRNP/FLII/VIPR1/TNNT2/KIFC3/AK1/MYBPH/COL6A3/SPARC/COX7A1/MYH7/ERBB3/SCD/APP/TNNT1/MAPK12
ccl2,Hallmark,HALLMARK_INFLAMMATORY_RESPONSE,HALLMARK_INFLAMMATORY_RESPONSE,158,0.580295126338866,1.2743095591504,0.199294532627866,0.681951793062904,0.681951793062904,433,"tags=5%, list=3%, signal=5%",CD69/NMI/ROS1/TAPBP/DCBLD2/OSMR/P2RX4/SCN1B
ccl2,Hallmark,HALLMARK_GLYCOLYSIS,HALLMARK_GLYCOLYSIS,158,0.572656677566072,1.25753576966562,0.204585537918871,0.681951793062904,0.681951793062904,208,"tags=6%, list=2%, signal=6%",MXI1/TKTL1/GALK1/IGFBP3/HAX1/SDC3/GALK2/SPAG4/CD44
ccl2,Hallmark,HALLMARK_REACTIVE_OXYGEN_SPECIES_PATHWAY,HALLMARK_REACTIVE_OXYGEN_SPECIES_PATHWAY,39,-0.556316138410187,-1.25586160359824,0.267699115044248,0.722958939127656,0.722958939127656,963,"tags=15%, list=7%, signal=14%",MGST1/PRNP/SELENOS/PRDX6/EGLN2/GLRX
ccl2,Hallmark,HALLMARK_HYPOXIA,HALLMARK_HYPOXIA,160,0.561070128320409,1.23364106681703,0.24070796460177,0.722958939127656,0.722958939127656,184,"tags=4%, list=1%, signal=4%",MXI1/NOCT/TKTL1/GALK1/IGFBP3/SDC3/PFKL
ccl2,Hallmark,HALLMARK_OXIDATIVE_PHOSPHORYLATION,HALLMARK_OXIDATIVE_PHOSPHORYLATION,141,0.551805455398716,1.20017757315404,0.283950617283951,0.722958939127656,0.722958939127656,1022,"tags=11%, list=8%, signal=10%",DLAT/PMPCA/NDUFA2/RHOT1/UQCRB/UQCRC2/PDP1/NDUFB7/ATP5MC1/NDUFA6/NDUFB4/PHB2/AIFM1/ACADVL/ALAS1
ccl2,Hallmark,HALLMARK_P53_PATHWAY,HALLMARK_P53_PATHWAY,155,0.542514993132277,1.18916132155669,0.296819787985866,0.722958939127656,0.722958939127656,579,"tags=6%, list=4%, signal=6%",PLK3/WRAP73/RAD9A/IRAK1/STOM/TRAF4/NUDT15/PDGFA/XPC/HSPA4L
ccl2,Hallmark,HALLMARK_UV_RESPONSE_DN,HALLMARK_UV_RESPONSE_DN,130,0.542240843773739,1.17373271338086,0.318101933216169,0.722958939127656,0.722958939127656,752,"tags=6%, list=6%, signal=6%",VAV2/PRKAR2B/NIPBL/FHL2/CELF2/ATP2C1/PRDM2/TJP1
ccl2,Hallmark,HALLMARK_G2M_CHECKPOINT,HALLMARK_G2M_CHECKPOINT,174,0.520468496546312,1.16456442197464,0.309810671256454,0.722958939127656,0.722958939127656,478,"tags=3%, list=4%, signal=3%",EWSR1/PAFAH1B1/PDS5B/H2AZ1/MT2A/PBK
ccl2,Hallmark,HALLMARK_HEME_METABOLISM,HALLMARK_HEME_METABOLISM,164,0.529330884379337,1.16146697368346,0.315508021390374,0.722958939127656,0.722958939127656,30,"tags=1%, list=0%, signal=1%",MXI1/SLC4A1
ccl2,Hallmark,HALLMARK_PI3K_AKT_MTOR_SIGNALING,HALLMARK_PI3K_AKT_MTOR_SIGNALING,90,0.571401283039607,1.19376271961364,0.344703770197487,0.749356022168449,0.749356022168449,45,"tags=1%, list=0%, signal=1%",TSC2
ccl2,Hallmark,HALLMARK_HEDGEHOG_SIGNALING,HALLMARK_HEDGEHOG_SIGNALING,31,-0.456208276120681,-1.02482254397613,0.385281385281385,0.802669552669553,0.802669552669553,648,"tags=23%, list=5%, signal=22%",VLDLR/L1CAM/ETS2/GLI1/NKX6-1/PTCH1/RASA1
ccl2,Hallmark,HALLMARK_CHOLESTEROL_HOMEOSTASIS,HALLMARK_CHOLESTEROL_HOMEOSTASIS,61,0.503300007937109,1.02916189452551,0.416967509025271,0.833935018050541,0.833935018050541,2,"tags=2%, list=0%, signal=2%",SEMA3B
ccl2,Hallmark,HALLMARK_IL2_STAT5_SIGNALING,HALLMARK_IL2_STAT5_SIGNALING,166,0.420892964846336,0.932368946111823,0.576923076923077,0.932878794858801,0.932878794858801,523,"tags=5%, list=4%, signal=5%",F2RL2/CD44/P2RX4/PHLDA1/SPRED2/IRF4/SCN9A/AGER
ccl2,Hallmark,HALLMARK_ANDROGEN_RESPONSE,HALLMARK_ANDROGEN_RESPONSE,84,0.431924720890993,0.902243196678229,0.545780969479354,0.932878794858801,0.932878794858801,336,"tags=4%, list=3%, signal=4%",ADAMTS1/DHCR24/SRF
ccl2,Hallmark,HALLMARK_NOTCH_SIGNALING,HALLMARK_NOTCH_SIGNALING,25,0.439601714082627,0.898873368207455,0.485604606525912,0.932878794858801,0.932878794858801,3392,"tags=36%, list=25%, signal=27%",MAML2/TCF7L2/PRKCA/SAP30/APH1A/JAG1/DTX2/NOTCH2/NOTCH3
ccl2,Hallmark,HALLMARK_UV_RESPONSE_UP,HALLMARK_UV_RESPONSE_UP,123,0.403989599352494,0.865552978020235,0.583333333333333,0.932878794858801,0.932878794858801,20,"tags=1%, list=0%, signal=1%",CNP
ccl2,Hallmark,HALLMARK_MTORC1_SIGNALING,HALLMARK_MTORC1_SIGNALING,169,-0.358805456410186,-0.865103027424378,0.64018691588785,0.932878794858801,0.932878794858801,2437,"tags=23%, list=18%, signal=19%",SLC2A3/PSMD12/LDLR/PSAT1/SSR1/SHMT2/NIBAN1/TPI1/SORD/EIF2S2/SLC1A5/VLDLR/G6PD/DHCR7/SC5D/TCEA1/CDC25A/PSPH/USO1/NFKBIB/GPI/HK2/EDEM1/BTG2/SLC7A11/ACTR3/GSK3B/GLA/GMPS/RRP9/STC1/XBP1/CXCR4/SERPINH1/NMT1/IFI30/SCD/GLRX/PSMC4
ccl2,Hallmark,HALLMARK_SPERMATOGENESIS,HALLMARK_SPERMATOGENESIS,109,0.398844859773522,0.854926090244032,0.601063829787234,0.932878794858801,0.932878794858801,390,"tags=6%, list=3%, signal=6%",TKTL1/SCG3/PEBP1/CRISP2/IP6K1/PCSK1N/TULP2
ccl2,Hallmark,HALLMARK_DNA_REPAIR,HALLMARK_DNA_REPAIR,112,0.396649020285173,0.848852827863367,0.610915492957746,0.932878794858801,0.932878794858801,2317,"tags=29%, list=17%, signal=25%",DDB1/NELFCD/NFX1/DGCR8/XPC/ELL/BCAP31/POLR2G/POLH/POLR1H/POLR1C/CDA/NUDT9/POLD1/GUK1/USP11/ERCC4/TAF9/SUPT4H1/VPS28/TAF6/GTF2F1/GTF2H1/HPRT1/POLR1D/SNAPC5/TARBP2/ADCY6/POLA1/ZWINT/NELFE/NELFB/TAF12
ccl2,Hallmark,HALLMARK_XENOBIOTIC_METABOLISM,HALLMARK_XENOBIOTIC_METABOLISM,160,-0.332512022350108,-0.798539529560948,0.71395881006865,0.932878794858801,0.932878794858801,684,"tags=8%, list=5%, signal=7%",ENPEP/DDC/GCNT2/NMT1/ALDH3A1/SLC46A3/ECH1/CRP/CYP1A2/ABCC3/CSAD/MCCC2
ccl2,Hallmark,HALLMARK_WNT_BETA_CATENIN_SIGNALING,HALLMARK_WNT_BETA_CATENIN_SIGNALING,39,0.380982956981851,0.780443211066788,0.625454545454545,0.932878794858801,0.932878794858801,987,"tags=10%, list=7%, signal=10%",CSNK1E/NKD1/LEF1/ADAM17
ccl2,Hallmark,HALLMARK_MITOTIC_SPINDLE,HALLMARK_MITOTIC_SPINDLE,181,0.346952628897459,0.776239594765738,0.736301369863014,0.932878794858801,0.932878794858801,823,"tags=8%, list=6%, signal=8%",ARHGEF2/WASL/MYH10/PPP4R2/NEDD9/PAFAH1B1/BCAR1/PXN/CDC42EP2/CKAP5/CDC42EP1/MAP1S/ECT2/FBXO5/LMNB1
ccl2,Hallmark,HALLMARK_IL6_JAK_STAT3_SIGNALING,HALLMARK_IL6_JAK_STAT3_SIGNALING,64,0.37681440046556,0.773199723829569,0.645454545454546,0.932878794858801,0.932878794858801,1720,"tags=23%, list=13%, signal=21%",HAX1/CD44/IL7/OSMR/IL6ST/CXCL13/TYK2/CRLF2/ITGA4/CSF2RA/BAK1/TNFRSF12A/HMOX1/IL1B/CSF2RB
ccl2,Hallmark,HALLMARK_APICAL_SURFACE,HALLMARK_APICAL_SURFACE,37,0.354985063921055,0.722603395013773,0.664220183486239,0.932878794858801,0.932878794858801,479,"tags=11%, list=4%, signal=10%",ATP8B1/SLC22A12/DCBLD2/CROCC
ccl2,Hallmark,HALLMARK_FATTY_ACID_METABOLISM,HALLMARK_FATTY_ACID_METABOLISM,127,-0.287736234951654,-0.679801248277251,0.803203661327231,0.932878794858801,0.932878794858801,1506,"tags=21%, list=11%, signal=19%",CPOX/ALAD/ETFDH/UGDH/FH/HSPH1/FMO1/HMGCL/ACSL4/ECHS1/SUCLG2/CA6/ACAA1/VNN1/HSD17B4/AADAT/AOC3/CPT2/CRAT/D2HGDH/PTPRG/ACADL/ALDH3A1/ECH1/PRDX6/MLYCD/HCCS
ccl2,Hallmark,HALLMARK_PANCREAS_BETA_CELLS,HALLMARK_PANCREAS_BETA_CELLS,30,-0.303932998507622,-0.678721855433622,0.746781115879828,0.932878794858801,0.932878794858801,2863,"tags=23%, list=21%, signal=18%",FOXO1/PDX1/HNF1A/LMO2/SRP9/PAK3/NKX6-1
ccl2,Hallmark,HALLMARK_BILE_ACID_METABOLISM,HALLMARK_BILE_ACID_METABOLISM,84,0.316519113527656,0.661173586475556,0.748653500897666,0.932878794858801,0.932878794858801,699,"tags=8%, list=5%, signal=8%",SLCO1A2/DHCR24/SULT1B1/GNPAT/PEX19/SULT2B1/FADS2
ccl2,Hallmark,HALLMARK_TGF_BETA_SIGNALING,HALLMARK_TGF_BETA_SIGNALING,42,-0.291157588392157,-0.658788221222616,0.75,0.932878794858801,0.932878794858801,1435,"tags=24%, list=11%, signal=21%",APC/PPP1R15A/KLF10/CDH1/ARID4B/SMURF1/BMPR1A/CTNNB1/SMAD3/FNTA
ccl2,Hallmark,HALLMARK_E2F_TARGETS,HALLMARK_E2F_TARGETS,172,-0.273092339879259,-0.658565925741518,0.862884160756501,0.932878794858801,0.932878794858801,2605,"tags=21%, list=20%, signal=17%",NUP107/XPO1/BRCA2/MSH2/SPC25/KIF22/CCNE1/DUT/GINS3/POLA2/NOP56/ZW10/TP53/CDC25A/PNN/PAN2/TACC3/GINS4/EIF2S1/ORC2/STAG1/SPC24/BUB1B/CDKN3/CDCA8/PLK4/MELK/ESPL1/CBX5/CENPM/POLD3/HELLS/CDK1/DCK/SRSF1/HMMR
ccl2,Hallmark,HALLMARK_ALLOGRAFT_REJECTION,HALLMARK_ALLOGRAFT_REJECTION,147,-0.27593562583572,-0.650197219744563,0.863109048723898,0.932878794858801,0.932878794858801,472,"tags=7%, list=4%, signal=7%",IL2RB/CD74/PTPN6/PSMB10/IKBKB/CD2/ELANE/CRTAM/CD40/IGSF6
ccl2,Hallmark,HALLMARK_COMPLEMENT,HALLMARK_COMPLEMENT,152,0.29081339511491,0.632971745071802,0.865248226950355,0.932878794858801,0.932878794858801,1351,"tags=11%, list=10%, signal=10%",PHEX/SCG3/RBSN/PDP1/PREP/KCNIP3/DOCK9/PIK3CA/ITGAM/DGKH/USP15/CDA/GNAI2/TFPI2/SERPINE1/PRKCD
ccl2,Hallmark,HALLMARK_PROTEIN_SECRETION,HALLMARK_PROTEIN_SECRETION,86,-0.272357411670353,-0.630140052279978,0.850779510022272,0.932878794858801,0.932878794858801,3462,"tags=29%, list=26%, signal=22%",NAPG/RAB5A/AP2M1/M6PR/SNX2/ANP32E/AP2S1/GNAS/COG2/RAB22A/COPE/MON2/ZW10/ARFGAP3/USO1/SEC31A/TSPAN8/STX7/TMX1/GLA/ATP6V1B1/KIF1B/PAM/YIPF6/VAMP7
ccl2,Hallmark,HALLMARK_MYC_TARGETS_V1,HALLMARK_MYC_TARGETS_V1,152,-0.262533537378898,-0.624803987916279,0.883561643835616,0.932878794858801,0.932878794858801,1071,"tags=6%, list=8%, signal=6%",IARS1/XPOT/NOP16/SRPK1/RRP9/DDX18/VDAC3/SRSF1/PSMC4
ccl2,Hallmark,HALLMARK_KRAS_SIGNALING_DN,HALLMARK_KRAS_SIGNALING_DN,152,-0.255974566397907,-0.609194282327937,0.897260273972603,0.932878794858801,0.932878794858801,1845,"tags=18%, list=14%, signal=15%",STAG3/ZC2HC1C/KLHDC8A/NPHS1/IFI44L/CLPS/IDUA/DCC/TNNI3/TEX15/BTG2/OXT/SNN/PRKN/ATP6V1B1/UPK3B/ENTPD7/CLDN8/TFCP2L1/KCND1/KCNN1/SCN10A/PROP1/FGGY/CLDN16/ATP4A/MYH7
ccl2,Hallmark,HALLMARK_MYC_TARGETS_V2,HALLMARK_MYC_TARGETS_V2,44,-0.2435093175575,-0.548333195183259,0.914221218961625,0.932878794858801,0.932878794858801,1994,"tags=23%, list=15%, signal=19%",SORD/PUS1/NOP56/HK2/DUSP2/PLK4/NOP16/RRP9/SLC29A2/DDX18
ccl2,Hallmark,HALLMARK_PEROXISOME,HALLMARK_PEROXISOME,85,0.258814782077379,0.53937982631621,0.900900900900901,0.932878794858801,0.932878794858801,2175,"tags=19%, list=16%, signal=16%",DHCR24/GNPAT/SULT2B1/ABCC8/PRDX1/RDH11/ITGB1BP1/STS/SOD2/SLC25A17/TSPO/PEX11B/CEL/HSD11B2/IDH1/ABCB9
ccl2,Hallmark,HALLMARK_UNFOLDED_PROTEIN_RESPONSE,HALLMARK_UNFOLDED_PROTEIN_RESPONSE,90,0.242587266087639,0.506809562918579,0.935368043087971,0.935368043087971,0.935368043087971,1652,"tags=11%, list=12%, signal=10%",PARN/POP4/HERPUD1/ATP6V0D1/MTHFD2/RPS14/CEBPG/WIPI1/EXOC2/CNOT4
il10,Hallmark,HALLMARK_PI3K_AKT_MTOR_SIGNALING,HALLMARK_PI3K_AKT_MTOR_SIGNALING,90,-0.86745608505404,-1.4920791828507,0.10261569416499,0.959692898272553,0.959692898272553,448,"tags=8%, list=3%, signal=8%",GSK3B/PAK4/FGF17/NCK1/ACTR3/CAB39/YWHAB
il10,Hallmark,HALLMARK_REACTIVE_OXYGEN_SPECIES_PATHWAY,HALLMARK_REACTIVE_OXYGEN_SPECIES_PATHWAY,39,0.914453263304595,1.48410233084619,0.148558758314856,0.959692898272553,0.959692898272553,103,"tags=5%, list=1%, signal=5%",NDUFA6/PRDX4
il10,Hallmark,HALLMARK_KRAS_SIGNALING_DN,HALLMARK_KRAS_SIGNALING_DN,151,0.898230736667825,1.38609588449017,0.072265625,0.959692898272553,0.959692898272553,166,"tags=3%, list=1%, signal=3%",PLAG1/KCNMB1/THRB/PDE6B/GPR3
il10,Hallmark,HALLMARK_IL2_STAT5_SIGNALING,HALLMARK_IL2_STAT5_SIGNALING,165,-0.810571376567452,-1.38061000830238,0.130801687763713,0.959692898272553,0.959692898272553,404,"tags=4%, list=3%, signal=4%",TNFRSF4/PRKCH/SELL/MYO1E/POU2F1/MAP3K8/HUWE1
il10,Hallmark,HALLMARK_MYC_TARGETS_V2,HALLMARK_MYC_TARGETS_V2,43,0.784952459770269,1.25699143006147,0.334811529933481,0.959692898272553,0.959692898272553,233,"tags=7%, list=2%, signal=7%",WDR43/MAP3K6/NOP2
il10,Hallmark,HALLMARK_HYPOXIA,HALLMARK_HYPOXIA,159,-0.714430680127484,-1.22731086525034,0.280334728033473,0.959692898272553,0.959692898272553,378,"tags=3%, list=3%, signal=3%",PGK1/ZNF292/GPC3/NOCT/GBE1
il10,Hallmark,HALLMARK_XENOBIOTIC_METABOLISM,HALLMARK_XENOBIOTIC_METABOLISM,157,-0.672938733702942,-1.16240918233273,0.336099585062241,0.959692898272553,0.959692898272553,372,"tags=5%, list=3%, signal=5%",GCKR/PTS/FMO3/CYP17A1/GAD1/GSS/CCL25/TAT
il10,Hallmark,HALLMARK_ADIPOGENESIS,HALLMARK_ADIPOGENESIS,154,-0.646147493626499,-1.12389185278542,0.37396694214876,0.959692898272553,0.959692898272553,369,"tags=5%, list=3%, signal=4%",TST/ECHS1/SLC19A1/ADCY6/SPARCL1/NKIRAS1/GBE1
il10,Hallmark,HALLMARK_MTORC1_SIGNALING,HALLMARK_MTORC1_SIGNALING,169,-0.653309502951637,-1.10968722908346,0.373650107991361,0.959692898272553,0.959692898272553,618,"tags=5%, list=5%, signal=5%",CORO1A/ELOVL5/ATP6V1D/GSK3B/PGK1/DDX39A/ACTR3/GBE1
il10,Hallmark,HALLMARK_PROTEIN_SECRETION,HALLMARK_PROTEIN_SECRETION,85,0.712276125086911,1.1075746640076,0.441295546558704,0.959692898272553,0.959692898272553,499,"tags=6%, list=4%, signal=6%",CD63/SSPN/KIF1B/RAB22A/GOLGA4
il10,Hallmark,HALLMARK_UNFOLDED_PROTEIN_RESPONSE,HALLMARK_UNFOLDED_PROTEIN_RESPONSE,90,0.703854947765069,1.10756266757929,0.425742574257426,0.959692898272553,0.959692898272553,799,"tags=13%, list=6%, signal=13%",SSR1/SDAD1/SPCS1/ATP6V0D1/IMP3/IARS1/PARN/DDX10/EIF2AK3/EDC4/XBP1/EXOC2
il10,Hallmark,HALLMARK_CHOLESTEROL_HOMEOSTASIS,HALLMARK_CHOLESTEROL_HOMEOSTASIS,61,-0.635546999656089,-1.08900092060421,0.400390625,0.959692898272553,0.959692898272553,556,"tags=7%, list=4%, signal=6%",FDFT1/ACAT2/JAG1/S100A11
il10,Hallmark,HALLMARK_E2F_TARGETS,HALLMARK_E2F_TARGETS,170,0.691145808209789,1.07897191150317,0.426443202979516,0.959692898272553,0.959692898272553,293,"tags=4%, list=2%, signal=3%",KIF22/PRDX4/NUP153/HMGB2/PNN/SMC3
il10,Hallmark,HALLMARK_KRAS_SIGNALING_UP,HALLMARK_KRAS_SIGNALING_UP,155,0.683918202521284,1.06394279396218,0.440384615384615,0.959692898272553,0.959692898272553,46,"tags=1%, list=0%, signal=1%",LAPTM5/PRDM1
il10,Hallmark,HALLMARK_MYOGENESIS,HALLMARK_MYOGENESIS,170,0.679740388412593,1.06116651146472,0.4487895716946,0.959692898272553,0.959692898272553,287,"tags=4%, list=2%, signal=4%",MAPK12/ITGA7/SSPN/RB1/MYBPC3/BHLHE40/LDB3
il10,Hallmark,HALLMARK_ANGIOGENESIS,HALLMARK_ANGIOGENESIS,28,-0.600500873488495,-1.05665609895351,0.397790055248619,0.959692898272553,0.959692898272553,328,"tags=7%, list=2%, signal=7%",JAG1/THBD
il10,Hallmark,HALLMARK_G2M_CHECKPOINT,HALLMARK_G2M_CHECKPOINT,171,0.667460151846589,1.04462300389701,0.457407407407407,0.959692898272553,0.959692898272553,637,"tags=8%, list=5%, signal=8%",KIF22/KPNB1/CCND1/FBXO5/GINS2/SLC12A2/CDC27/CUL3/CDKN1B/WRN/CDC20/TOP1/NUP50/NCL
il10,Hallmark,HALLMARK_COAGULATION,HALLMARK_COAGULATION,112,-0.594410618290903,-1.02216069611415,0.457661290322581,0.959692898272553,0.959692898272553,593,"tags=4%, list=5%, signal=4%",CTSH/MSRB2/SERPINA1/THBD/ISCU
il10,Hallmark,HALLMARK_OXIDATIVE_PHOSPHORYLATION,HALLMARK_OXIDATIVE_PHOSPHORYLATION,139,0.65610337786741,1.01355370380165,0.500970873786408,0.959692898272553,0.959692898272553,642,"tags=7%, list=5%, signal=7%",NDUFA6/RETSAT/MRPS11/ACADVL/ATP5F1A/MRPL15/COX10/CS/TOMM70/PDK4
il10,Hallmark,HALLMARK_MITOTIC_SPINDLE,HALLMARK_MITOTIC_SPINDLE,181,0.64449710754617,1.01140779639368,0.506329113924051,0.959692898272553,0.959692898272553,320,"tags=3%, list=2%, signal=3%",KIF22/FBXO5/KIF1B/SMC3/CDC27
il10,Hallmark,HALLMARK_SPERMATOGENESIS,HALLMARK_SPERMATOGENESIS,109,0.636441035506185,0.992935849261883,0.528712871287129,0.959692898272553,0.959692898272553,238,"tags=4%, list=2%, signal=4%",MTOR/HSPA4L/MLF1/SLC12A2
il10,Hallmark,HALLMARK_UV_RESPONSE_UP,HALLMARK_UV_RESPONSE_UP,123,-0.578905702120325,-0.991513909669882,0.49003984063745,0.959692898272553,0.959692898272553,1379,"tags=14%, list=10%, signal=12%",RAB27A/NPTX2/BID/CDK2/PPT1/GAL/IRF1/RHOB/FOSB/POLG2/PLCL1/CLTB/BTG3/TST/NR4A1/FGF18/CLCN2
il10,Hallmark,HALLMARK_WNT_BETA_CATENIN_SIGNALING,HALLMARK_WNT_BETA_CATENIN_SIGNALING,39,-0.559246233898992,-0.983415320938847,0.475499092558984,0.959692898272553,0.959692898272553,953,"tags=10%, list=7%, signal=10%",DKK1/KAT2A/JAG1/LEF1
il10,Hallmark,HALLMARK_HEDGEHOG_SIGNALING,HALLMARK_HEDGEHOG_SIGNALING,31,-0.561603854400748,-0.981888786438903,0.463955637707948,0.959692898272553,0.959692898272553,1498,"tags=32%, list=11%, signal=29%",ACHE/VEGFA/CRMP1/RTN1/ETS2/NF1/NKX6-1/CDK5R1/RASA1/DPYSL2
il10,Hallmark,HALLMARK_FATTY_ACID_METABOLISM,HALLMARK_FATTY_ACID_METABOLISM,125,-0.56876132704445,-0.976212658789379,0.504016064257028,0.959692898272553,0.959692898272553,614,"tags=6%, list=5%, signal=5%",ELOVL5/ACAT2/HMGCL/NBN/ECHS1/PTS/MCEE
il10,Hallmark,HALLMARK_INFLAMMATORY_RESPONSE,HALLMARK_INFLAMMATORY_RESPONSE,158,0.619495051364933,0.968516963685787,0.556621880998081,0.959692898272553,0.959692898272553,318,"tags=3%, list=2%, signal=3%",FFAR2/CXCR6/KIF1B/KCNJ2/NFKBIA
il10,Hallmark,HALLMARK_DNA_REPAIR,HALLMARK_DNA_REPAIR,110,-0.562366855959693,-0.965020814697592,0.515151515151515,0.959692898272553,0.959692898272553,970,"tags=7%, list=7%, signal=7%",NT5C3A/POLR3C/TARBP2/AK1/DDB2/EDF1/ADCY6/DGCR8
il10,Hallmark,HALLMARK_PANCREAS_BETA_CELLS,HALLMARK_PANCREAS_BETA_CELLS,29,0.546353070807804,0.917697324908131,0.512931034482759,0.959692898272553,0.959692898272553,274,"tags=10%, list=2%, signal=10%",SPCS1/LMO2/HNF1A
il10,Hallmark,HALLMARK_TGF_BETA_SIGNALING,HALLMARK_TGF_BETA_SIGNALING,41,0.565008330783707,0.914441956195851,0.539823008849557,0.959692898272553,0.959692898272553,1749,"tags=24%, list=13%, signal=21%",BCAR3/THBS1/HDAC1/SKI/SPTBN1/TGFBR1/KLF10/HIPK2/FKBP1A/APC
il10,Hallmark,HALLMARK_APOPTOSIS,HALLMARK_APOPTOSIS,128,0.548472842080113,0.849288526141221,0.671287128712871,1,1,825,"tags=9%, list=6%, signal=8%",IFNB1/RETSAT/HMGB2/CCND1/DIABLO/IL1B/CDKN1B/ISG20/PLPPR4/CAV1/TIMP1
il10,Hallmark,HALLMARK_INTERFERON_GAMMA_RESPONSE,HALLMARK_INTERFERON_GAMMA_RESPONSE,147,0.54745060419329294,0.846818763116298,0.686770428015564,1,1,879,"tags=11%, list=7%, signal=10%",SSPN/RBCK1/PNPT1/CIITA/IDO1/NFKBIA/RNF213/CD74/DDX60/SP110/RTP4/ISG20/NLRC5/HERC6/ISG15/MVP
il10,Hallmark,HALLMARK_ALLOGRAFT_REJECTION,HALLMARK_ALLOGRAFT_REJECTION,145,-0.4436144669709,-0.766674362888748,0.735655737704918,1,1,2207,"tags=23%, list=17%, signal=20%",TNF/AKT1/TLR6/IL27RA/FYB1/CSK/TLR2/GLMN/NCF4/PTPN6/EIF3A/ABI1/CXCR3/BCL3/GALNT1/IL16/GZMA/MTIF2/LCK/FASLG/EIF3J/IKBKB/IRF4/MAP4K1/IL4R/CAPG/B2M/FGR/IL12A/IL13/STAB1/NCK1/IFNG/EIF3D
il10,Hallmark,HALLMARK_IL6_JAK_STAT3_SIGNALING,HALLMARK_IL6_JAK_STAT3_SIGNALING,64,-0.424847841275065,-0.735309687315252,0.732558139534884,1,1,2701,"tags=25%, list=21%, signal=20%",CSF3R/CSF2RB/IL1R1/IL3RA/TNF/PTPN1/TLR2/STAM2/ACVR1B/IL15RA/IL18R1/IRF1/IL4R/PTPN11/CSF2RA/MAP3K8
il10,Hallmark,HALLMARK_COMPLEMENT,HALLMARK_COMPLEMENT,149,-0.424474988006123,-0.735049181647433,0.767967145790554,1,1,381,"tags=7%, list=3%, signal=7%",IRF1/CDK5R1/LCK/GNAI3/BRPF3/PRCP/CTSH/CALM1/LAP3/SERPINA1/PIK3CA
il10,Hallmark,HALLMARK_MYC_TARGETS_V1,HALLMARK_MYC_TARGETS_V1,151,0.430261947850435,0.663954472745636,0.859375,1,1,824,"tags=8%, list=6%, signal=8%",PSMD3/PRDX4/KPNB1/IARS1/NAP1L1/CDC20/GNL3/TOMM70/SF3B3/SMARCC1/VDAC1/PPM1G
il10,Hallmark,HALLMARK_P53_PATHWAY,HALLMARK_P53_PATHWAY,155,-0.372618731314163,-0.643446498884379,0.854771784232365,1,1,572,"tags=6%, list=4%, signal=6%",AK1/DDB2/COQ8A/PTPRE/SPHK1/TM7SF3/RPS12/FBXW7/ISCU
il10,Hallmark,HALLMARK_ESTROGEN_RESPONSE_EARLY,HALLMARK_ESTROGEN_RESPONSE_EARLY,164,-0.373608270806223,-0.637698107421745,0.871578947368421,1,1,982,"tags=11%, list=7%, signal=10%",CA12/SLC37A1/PGR/TGM2/AKAP1/SFN/INPP5F/FLNB/ADCY1/SLC16A1/MED13L/ELOVL5/WFS1/AREG/FDFT1/ABCA3/GJA1/TSKU
il10,Hallmark,HALLMARK_TNFA_SIGNALING_VIA_NFKB,HALLMARK_TNFA_SIGNALING_VIA_NFKB,150,-0.353044028201492,-0.612503438145742,0.870636550308008,1,1,1573,"tags=17%, list=12%, signal=15%",IL15RA/NFIL3/BCL3/ETS2/B4GALT5/LAMB3/GADD45B/TRIP10/IRF1/TNFAIP6/TNFRSF9/RHOB/NAMPT/BCL6/DENND5A/FOSB/SLC16A6/AREG/PER1/CCRL2/BTG3/PTPRE/SPHK1/JAG1/NR4A1/MAP3K8
il10,Hallmark,HALLMARK_INTERFERON_ALPHA_RESPONSE,HALLMARK_INTERFERON_ALPHA_RESPONSE,65,0.385827598295028,0.609241893736022,0.813524590163934,1,1,1553,"tags=23%, list=12%, signal=20%",PNPT1/CD74/DDX60/SP110/RTP4/ISG20/HERC6/ISG15/PARP14/STAT2/IFI35/PSMA3/C1S/NMI/GMPR
il10,Hallmark,HALLMARK_BILE_ACID_METABOLISM,HALLMARK_BILE_ACID_METABOLISM,83,0.386141634087659,0.601555611648107,0.854838709677419,1,1,548,"tags=5%, list=4%, signal=5%",RETSAT/BCAR3/EPHX2/ABCA4
il10,Hallmark,HALLMARK_HEME_METABOLISM,HALLMARK_HEME_METABOLISM,163,0.357164217467554,0.560624354757229,0.93714285714285706,1,1,1329,"tags=18%, list=10%, signal=16%",SLC2A1/BLVRA/EPOR/LMO2/LRP10/CDC27/RHCE/PSMD9/FOXO3/DMTN/TOP1/PGLS/KHNYN/CTSE/RAD23A/EZH1/DCAF11/TNRC6B/SLC66A2/CLCN3/TFDP2/MARCHF8/KEL/FBXO7/MOSPD1/ICAM4/RNF19A/SLC25A38/BACH1
il10,Hallmark,HALLMARK_PEROXISOME,HALLMARK_PEROXISOME,85,0.355745802282553,0.553177375399374,0.880566801619433,1,1,1127,"tags=13%, list=9%, signal=12%",RETSAT/SLC25A17/CLN8/EPHX2/SMARCC1/MVP/CADM1/NR1I2/BCL10/STS/ABCB4
il10,Hallmark,HALLMARK_NOTCH_SIGNALING,HALLMARK_NOTCH_SIGNALING,25,0.312495828700136,0.538667478604722,0.876595744680851,1,1,200,"tags=4%, list=2%, signal=4%",CCND1
il10,Hallmark,HALLMARK_UV_RESPONSE_DN,HALLMARK_UV_RESPONSE_DN,130,0.308183641181937,0.477176769504544,0.966535433070866,1,1,1017,"tags=12%, list=8%, signal=11%",SCN8A/BHLHE40/MAP1B/NIPBL/FHL2/CDKN1B/MTA1/CELF2/CAV1/PMP22/FYN/AKT3/COL1A2/ATP2C1/ADD3
il10,Hallmark,HALLMARK_ESTROGEN_RESPONSE_LATE,HALLMARK_ESTROGEN_RESPONSE_LATE,157,0.30164895186475,0.471070377455055,0.980769230769231,1,1,1074,"tags=11%, list=8%, signal=10%",OPN3/HSPA4L/CCND1/GINS2/CDC20/ACOX2/ISG20/TIAM1/XBP1/CAV1/ARL3/SORD/BAG1/ADD3/ALDH3B1/CD44/BCL2
il10,Hallmark,HALLMARK_GLYCOLYSIS,HALLMARK_GLYCOLYSIS,156,0.286669778058427,0.446362797216752,0.990366088631985,1,1,734,"tags=6%, list=6%, signal=6%",NDST3/RBCK1/UGP2/ALDH7A1/KIF2A/GPC1/PGLS/ISG20/NSDHL/ENO1
il10,Hallmark,HALLMARK_APICAL_JUNCTION,HALLMARK_APICAL_JUNCTION,165,0.243456299989327,0.382548649111447,0.998106060606061,1,1,1929,"tags=12%, list=15%, signal=10%",INPPL1/ACTN1/HADH/CD209/ADRA1B/AKT3/PTPRC/PTK2/ICAM4/NECTIN3/PARVA/TGFBI/SLC30A3/MYH9/RHOF/NLGN3/THBS3/MPZL2/VAV2/NECTIN4
il10,Hallmark,HALLMARK_APICAL_SURFACE,HALLMARK_APICAL_SURFACE,36,0.222586624350098,0.36840006159097,0.967391304347826,1,1,1846,"tags=14%, list=14%, signal=12%",NTNG1/CROCC/LYN/PLAUR/SLC34A3
il10,Hallmark,HALLMARK_ANDROGEN_RESPONSE,HALLMARK_ANDROGEN_RESPONSE,83,0.229140989080615,0.356970177965191,0.987903225806452,1,1,1820,"tags=12%, list=14%, signal=10%",CCND1/ACTN1/DBI/SORD/INPP4B/SPDEF/PTPN21/RRP12/SGK1/CAMKK2
il10,Hallmark,HALLMARK_EPITHELIAL_MESENCHYMAL_TRANSITION,HALLMARK_EPITHELIAL_MESENCHYMAL_TRANSITION,167,0.227160589126439,0.354753235304473,1,1,1,1892,"tags=15%, list=14%, signal=13%",FBN2/COL4A2/GPC1/THBS1/FBLN1/PMP22/ITGB5/TIMP1/ADAM12/GLIPR1/CADM1/MGP/COL1A2/COMP/CD44/CRLF1/FZD8/GREM1/COPA/PLAUR/THBS2/TGFBI/POSTN/HTRA1/TPM1
il8,Hallmark,HALLMARK_TGF_BETA_SIGNALING,HALLMARK_TGF_BETA_SIGNALING,41,0.942773008325068,1.72185910923978,0.0574468085106383,0.689935064935065,0.689935064935065,143,"tags=7%, list=1%, signal=7%",SMURF1/SMAD1/CTNNB1
il8,Hallmark,HALLMARK_PI3K_AKT_MTOR_SIGNALING,HALLMARK_PI3K_AKT_MTOR_SIGNALING,90,-0.880778045710111,-1.67943817863164,0.0640776699029126,0.689935064935065,0.689935064935065,110,"tags=10%, list=1%, signal=10%",AP2M1/DAPP1/MAP2K6/PTEN/MYD88/AKT1S1/MKNK1/GSK3B/NOD1
il8,Hallmark,HALLMARK_APICAL_SURFACE,HALLMARK_APICAL_SURFACE,37,0.884604065239468,1.60133001717555,0.133620689655172,0.689935064935065,0.689935064935065,30,"tags=3%, list=0%, signal=3%",DCBLD2
il8,Hallmark,HALLMARK_INTERFERON_GAMMA_RESPONSE,HALLMARK_INTERFERON_GAMMA_RESPONSE,147,-0.831220152404986,-1.59758728465216,0.0773930753564155,0.689935064935065,0.689935064935065,282,"tags=7%, list=2%, signal=7%",PSMA3/LCP2/HIF1A/GPR18/MYD88/IFI44L/CASP4/FAS/SERPING1/NOD1
il8,Hallmark,HALLMARK_APICAL_JUNCTION,HALLMARK_APICAL_JUNCTION,165,-0.839793298649957,-1.59179913637501,0.0606694560669456,0.689935064935065,0.689935064935065,56,"tags=4%, list=0%, signal=4%",CX3CL1/PTPRC/PTEN/VCL/WASL/CDH4/ICAM2
il8,Hallmark,HALLMARK_PANCREAS_BETA_CELLS,HALLMARK_PANCREAS_BETA_CELLS,29,0.855691936137649,1.57404402840248,0.153039832285115,0.689935064935065,0.689935064935065,164,"tags=14%, list=1%, signal=14%",FOXA2/SPCS1/ABCC8/PAX4
il8,Hallmark,HALLMARK_ADIPOGENESIS,HALLMARK_ADIPOGENESIS,154,-0.767726062099409,-1.46818580842533,0.128048780487805,0.689935064935065,0.689935064935065,66,"tags=4%, list=1%, signal=4%",YWHAG/ETFB/RREB1/SDHC/BCL2L13/ABCB8
il8,Hallmark,HALLMARK_XENOBIOTIC_METABOLISM,HALLMARK_XENOBIOTIC_METABOLISM,158,-0.764362619646644,-1.45628021500665,0.130977130977131,0.689935064935065,0.689935064935065,59,"tags=4%, list=0%, signal=4%",ALDH9A1/AP4B1/ETS2/VTN/SLC6A12/FAS/NINJ1
il8,Hallmark,HALLMARK_IL2_STAT5_SIGNALING,HALLMARK_IL2_STAT5_SIGNALING,165,0.814036244144374,1.41544968114784,0.129770992366412,0.689935064935065,0.689935064935065,186,"tags=2%, list=1%, signal=2%",CDCP1/MAP3K8/AHR/TNFRSF1B
il8,Hallmark,HALLMARK_COMPLEMENT,HALLMARK_COMPLEMENT,151,-0.731865316584021,-1.400001905179,0.169734151329243,0.689935064935065,0.689935064935065,368,"tags=7%, list=3%, signal=7%",XPNPEP1/ATOX1/KIF2A/LTF/LCP2/USP14/OLR1/APOA4/CASP4/SERPING1/PDGFB
il8,Hallmark,HALLMARK_CHOLESTEROL_HOMEOSTASIS,HALLMARK_CHOLESTEROL_HOMEOSTASIS,61,-0.740141534705618,-1.39574196694664,0.193181818181818,0.689935064935065,0.689935064935065,746,"tags=11%, list=6%, signal=11%",LDLR/SC5D/PDK3/ANXA5/ATF3/TP53INP1/S100A11
il8,Hallmark,HALLMARK_COAGULATION,HALLMARK_COAGULATION,113,-0.74154335054802,-1.39317791889065,0.185110663983903,0.689935064935065,0.689935064935065,111,"tags=4%, list=1%, signal=4%",RAPGEF3/OLR1/SERPING1/PDGFB
il8,Hallmark,HALLMARK_P53_PATHWAY,HALLMARK_P53_PATHWAY,155,-0.729031142297472,-1.39266892744035,0.16869918699187,0.689935064935065,0.689935064935065,438,"tags=7%, list=3%, signal=7%",SERTAD3/ATF3/CD81/SP1/GPX2/KLF4/TAX1BP3/FAS/F2R/PITPNC1/NINJ1
il8,Hallmark,HALLMARK_KRAS_SIGNALING_UP,HALLMARK_KRAS_SIGNALING_UP,155,0.780079676440627,1.34333486795203,0.186274509803922,0.689935064935065,0.689935064935065,186,"tags=3%, list=1%, signal=3%",DOCK2/DCBLD2/FUCA1/HBEGF/TNFRSF1B
il8,Hallmark,HALLMARK_WNT_BETA_CATENIN_SIGNALING,HALLMARK_WNT_BETA_CATENIN_SIGNALING,39,0.748597407937546,1.36665542172078,0.25,0.717703349282297,0.717703349282297,1032,"tags=21%, list=8%, signal=19%",SKP2/CTNNB1/CUL1/DKK4/MAML1/WNT5B/HDAC2/FZD8
il8,Hallmark,HALLMARK_PROTEIN_SECRETION,HALLMARK_PROTEIN_SECRETION,85,0.74154258826975,1.30675331318884,0.272727272727273,0.717703349282297,0.717703349282297,24,"tags=1%, list=0%, signal=1%",TOM1L1
il8,Hallmark,HALLMARK_INFLAMMATORY_RESPONSE,HALLMARK_INFLAMMATORY_RESPONSE,158,0.743498634479561,1.28650900668286,0.228406909788868,0.717703349282297,0.717703349282297,237,"tags=5%, list=2%, signal=5%",DCBLD2/KCNJ2/NLRP3/HBEGF/AHR/TNFRSF1B/SLC4A4/EMP3
il8,Hallmark,HALLMARK_ESTROGEN_RESPONSE_EARLY,HALLMARK_ESTROGEN_RESPONSE_EARLY,164,0.727364092587219,1.26100961067836,0.24282982791587,0.717703349282297,0.717703349282297,17,"tags=1%, list=0%, signal=1%",TBC1D30
il8,Hallmark,HALLMARK_MITOTIC_SPINDLE,HALLMARK_MITOTIC_SPINDLE,181,0.704606752054226,1.23240817040065,0.267552182163188,0.717703349282297,0.717703349282297,359,"tags=4%, list=3%, signal=4%",DOCK2/TUBGCP6/RASA2/TUBA4A/KIFAP3/CD2AP/PRC1/TUBD1
il8,Hallmark,HALLMARK_OXIDATIVE_PHOSPHORYLATION,HALLMARK_OXIDATIVE_PHOSPHORYLATION,139,0.701393468015497,1.20463474468868,0.323586744639376,0.735424419634946,0.735424419634946,491,"tags=12%, list=4%, signal=11%",VDAC1/UQCRFS1/ATP6V1C1/NDUFV2/CYB5R3/CPT1A/ACADM/NDUFB3/NNT/NDUFB7/SLC25A4/DLD/COX5A/ATP6V0B/ATP6V0C/ACO2
il8,Hallmark,HALLMARK_APOPTOSIS,HALLMARK_APOPTOSIS,128,-0.627109196976847,-1.18675854587007,0.308617234468938,0.735424419634946,0.735424419634946,756,"tags=9%, list=6%, signal=9%",BAX/SC5D/BTG2/DNM1L/EGR3/NEFH/NEDD9/ATF3/WEE1/CASP4/FAS/F2R
il8,Hallmark,HALLMARK_HYPOXIA,HALLMARK_HYPOXIA,159,-0.610502827350015,-1.16221459451479,0.317427385892116,0.735424419634946,0.735424419634946,928,"tags=9%, list=7%, signal=9%",CP/ANXA2/EXT1/BRS3/PDK3/PPFIA4/SLC2A1/FOSL2/INHA/WSB1/ATF3/XPNPEP1/PRKCA/SAP30/PDGFB
il8,Hallmark,HALLMARK_TNFA_SIGNALING_VIA_NFKB,HALLMARK_TNFA_SIGNALING_VIA_NFKB,151,-0.564189979063732,-1.07925191653954,0.368098159509202,0.800213390237397,0.800213390237397,111,"tags=3%, list=1%, signal=3%",ETS2/ATF3/KLF4/OLR1/NINJ1
il8,Hallmark,HALLMARK_UNFOLDED_PROTEIN_RESPONSE,HALLMARK_UNFOLDED_PROTEIN_RESPONSE,90,0.610274350341426,1.06872424589397,0.429158110882957,0.894079397672827,0.894079397672827,1017,"tags=13%, list=8%, signal=12%",POP4/SPCS1/PSAT1/HSPA5/HYOU1/EDC4/EIF4EBP1/TSPYL2/HSPA9/SRPRA/NPM1/HERPUD1
il8,Hallmark,HALLMARK_UV_RESPONSE_DN,HALLMARK_UV_RESPONSE_DN,130,0.6192669822124,1.06465391989771,0.447316103379722,0.894632206759443,0.894632206759443,734,"tags=7%, list=6%, signal=7%",IGFBP5/RASA2/ANXA4/NIPBL/SMAD7/LTBP1/COL1A1/SLC22A18/EFEMP1
il8,Hallmark,HALLMARK_ANGIOGENESIS,HALLMARK_ANGIOGENESIS,28,-0.492147782655388,-0.916897883585746,0.503861003861004,0.933075933075933,0.933075933075933,431,"tags=7%, list=3%, signal=7%",VTN/OLR1
il8,Hallmark,HALLMARK_DNA_REPAIR,HALLMARK_DNA_REPAIR,110,-0.48439753695296,-0.916360331902437,0.50197628458498,0.933075933075933,0.933075933075933,932,"tags=5%, list=7%, signal=5%",TAF6/RFC4/NELFB/SAC3D1/POLA1/DUT
il8,Hallmark,HALLMARK_NOTCH_SIGNALING,HALLMARK_NOTCH_SIGNALING,25,-0.471416681051154,-0.878124588952877,0.548449612403101,0.97937430786268,0.97937430786268,1745,"tags=20%, list=13%, signal=17%",DLL1/FZD5/TCF7L2/PRKCA/SAP30
il8,Hallmark,HALLMARK_MYC_TARGETS_V1,HALLMARK_MYC_TARGETS_V1,151,0.478312237094458,0.822176529750219,0.649122807017544,1,1,425,"tags=3%, list=3%, signal=3%",VDAC1/COX5A/PSMA7/RANBP1/CUL1
il8,Hallmark,HALLMARK_INTERFERON_ALPHA_RESPONSE,HALLMARK_INTERFERON_ALPHA_RESPONSE,65,-0.431480607046381,-0.814456890766038,0.61100569259962,1,1,1545,"tags=17%, list=12%, signal=15%",MVB12A/IFI35/CSF1/IFI30/GMPR/TAP1/LAP3/CXCL10/NUB1/PSMA3/IFI44L
il8,Hallmark,HALLMARK_IL6_JAK_STAT3_SIGNALING,HALLMARK_IL6_JAK_STAT3_SIGNALING,64,-0.410592971439251,-0.773534710692092,0.658396946564885,1,1,252,"tags=6%, list=2%, signal=6%",IL17RA/MYD88/LTBR/FAS
il8,Hallmark,HALLMARK_E2F_TARGETS,HALLMARK_E2F_TARGETS,171,0.427224866649992,0.744703415395401,0.745247148288973,1,1,458,"tags=4%, list=3%, signal=3%",HELLS/AURKB/RNASEH2A/DCK/RANBP1/KIF22
il8,Hallmark,HALLMARK_UV_RESPONSE_UP,HALLMARK_UV_RESPONSE_UP,123,0.424961227277835,0.741147044964557,0.697855750487329,1,1,902,"tags=8%, list=7%, signal=8%",ATP6V1C1/FOSB/TUBA4A/DLG4/SLC25A4/HNRNPU/IRF1/GRPEL1/NR4A1/ABCB1
il8,Hallmark,HALLMARK_MTORC1_SIGNALING,HALLMARK_MTORC1_SIGNALING,169,0.42622035465634,0.741125267163976,0.744274809160305,1,1,796,"tags=8%, list=6%, signal=7%",IGFBP5/PSAT1/TUBA4A/HSPA5/SERPINH1/GLRX/RRM2/TCEA1/USO1/NUPR1/HSPA9/NFIL3/UNG
il8,Hallmark,HALLMARK_ALLOGRAFT_REJECTION,HALLMARK_ALLOGRAFT_REJECTION,145,0.430316009664301,0.739475403447443,0.729044834307992,1,1,275,"tags=3%, list=2%, signal=3%",NLRP3/CRTAM/IL4/MAP3K7
il8,Hallmark,HALLMARK_EPITHELIAL_MESENCHYMAL_TRANSITION,HALLMARK_EPITHELIAL_MESENCHYMAL_TRANSITION,169,0.406084433655867,0.706112298712244,0.774809160305344,1,1,403,"tags=5%, list=3%, signal=5%",FUCA1/ITGB5/PLOD1/TPM2/EMP3/LOXL2/ANPEP/SERPINH1/MATN3
il8,Hallmark,HALLMARK_REACTIVE_OXYGEN_SPECIES_PATHWAY,HALLMARK_REACTIVE_OXYGEN_SPECIES_PATHWAY,39,-0.364466538566415,-0.684897596016212,0.754681647940075,1,1,1983,"tags=21%, list=15%, signal=17%",NDUFA6/GCLC/TXNRD1/MSRA/NDUFB4/NQO1/PRDX4/ATOX1
il8,Hallmark,HALLMARK_MYOGENESIS,HALLMARK_MYOGENESIS,170,0.391176813289326,0.681119291390833,0.790076335877863,1,1,864,"tags=10%, list=7%, signal=9%",ITGB5/CHRNB1/HBEGF/TPM2/FLII/GAA/AKT2/COL15A1/COL1A1/SIRT2/SH2B1/ACTC1/PFKM/SVIL/FABP3/CLU/SOD3
il8,Hallmark,HALLMARK_HEDGEHOG_SIGNALING,HALLMARK_HEDGEHOG_SIGNALING,31,0.366851910240221,0.679478415162826,0.708074534161491,1,1,1727,"tags=23%, list=13%, signal=20%",CNTFR/RTN1/GLI1/UNC5C/OPHN1/NRP2/CELSR1
il8,Hallmark,HALLMARK_G2M_CHECKPOINT,HALLMARK_G2M_CHECKPOINT,172,-0.3264823681669,-0.61907310498918,0.871848739495798,1,1,329,"tags=3%, list=2%, signal=3%",CCNA2/SAP30/HIF1A/CDKN3/MEIS2/CUL5
il8,Hallmark,HALLMARK_KRAS_SIGNALING_DN,HALLMARK_KRAS_SIGNALING_DN,151,-0.321483703202934,-0.614973529650025,0.871165644171779,1,1,1435,"tags=12%, list=11%, signal=11%",PDK2/SLC5A5/KCNMB1/ZBTB16/TEX15/TGFB2/RIBC2/FGGY/CACNG1/SLC29A3/BTG2/DLK2/SPTBN2/NRIP2/PAX3/CLDN16/PNMT/IFI44L
il8,Hallmark,HALLMARK_FATTY_ACID_METABOLISM,HALLMARK_FATTY_ACID_METABOLISM,125,0.345551699920511,0.598993349386831,0.832677165354331,1,1,570,"tags=6%, list=4%, signal=6%",MCEE/HSDL2/CPT1A/ACADM/DLD/GAD2/ACO2/GPD1
il8,Hallmark,HALLMARK_PEROXISOME,HALLMARK_PEROXISOME,85,-0.299290148907605,-0.568909030431191,0.866795366795367,1,1,1414,"tags=13%, list=11%, signal=12%",VPS4B/RXRG/ISOC1/SLC27A2/ATXN1/CACNA1B/ABCD2/ALDH9A1/CRABP2/ACOT8/HAO2
il8,Hallmark,HALLMARK_MYC_TARGETS_V2,HALLMARK_MYC_TARGETS_V2,44,-0.298227470573285,-0.559967031046378,0.894339622641509,1,1,2588,"tags=32%, list=20%, signal=26%",HK2/GNL3/PA2G4/PRMT3/GRWD1/MCM4/MPHOSPH10/FARSA/SUPV3L1/BYSL/PPRC1/WDR43/MAP3K6/DCTPP1
il8,Hallmark,HALLMARK_BILE_ACID_METABOLISM,HALLMARK_BILE_ACID_METABOLISM,83,-0.280381669867793,-0.533909513499305,0.91412213740458,1,1,2865,"tags=25%, list=22%, signal=20%",ABCG8/PEX26/CYP8B1/NUDT12/HAO1/PEX6/IDH1/SULT1B1/GC/LIPE/RXRG/KLF1/ISOC1/SLC27A2/ABCA4/ABCA5/CYP27A1/ATXN1/ABCD2/SLC29A1/ALDH9A1
il8,Hallmark,HALLMARK_SPERMATOGENESIS,HALLMARK_SPERMATOGENESIS,109,0.293280544158272,0.509713780956601,0.92354124748491,1,1,871,"tags=6%, list=7%, signal=6%",IP6K1/SPATA6/IFT88/CHFR/TOPBP1/DNAJB8/PACRG
il8,Hallmark,HALLMARK_HEME_METABOLISM,HALLMARK_HEME_METABOLISM,163,-0.250779858022186,-0.47526930442679,0.981288981288981,1,1,2039,"tags=15%, list=15%, signal=13%",HMBS/MOSPD1/FBXO34/EPOR/RHCE/SLC30A10/BMP2K/GCLC/AHSP/ICAM4/ALAS2/KLF1/ALDH6A1/CA1/BPGM/ELL2/GAPVD1/ADIPOR1/SLC2A1/KEL/BTG2/SPTA1/HAGH/XPO7/EIF2AK1
il8,Hallmark,HALLMARK_GLYCOLYSIS,HALLMARK_GLYCOLYSIS,156,0.267400815023632,0.462033764431955,0.970930232558139,1,1,1201,"tags=10%, list=9%, signal=9%",HSPA5/CLN6/PLOD1/ZNF292/FUT8/DLD/GLRX/ABCB6/IDUA/HAX1/BPNT1/NASP/SLC16A3/ALDOB/QSOX1/PFKP
il8,Hallmark,HALLMARK_ESTROGEN_RESPONSE_LATE,HALLMARK_ESTROGEN_RESPONSE_LATE,158,0.235941701916424,0.408260500411055,0.990403071017274,1,1,1591,"tags=12%, list=12%, signal=11%",RNASEH2A/GPER1/ST14/TFAP2C/SEMA3B/EMP2/NAB2/SOX3/TRIM29/PGR/HPRT1/BTG3/MYB/ATP2B4/FOS/AFF1/ISG20/RPS6KA2/TFPI2
il8,Hallmark,HALLMARK_ANDROGEN_RESPONSE,HALLMARK_ANDROGEN_RESPONSE,83,0.189546934723847,0.332343962806644,1,1,1,3756,"tags=28%, list=28%, signal=20%",MAF/ADAMTS1/UAP1/ACTN1/DHCR24/FKBP5/PLPP1/CCND3/MERTK/SCD/AKT1/CDC14B/HOMER2/ABCC4/SEC24D/GPD1L/TPD52/NGLY1/NKX3-1/SPDEF/GUCY1A1/IQGAP2/LMAN1
kclike,Hallmark,HALLMARK_MYC_TARGETS_V2,HALLMARK_MYC_TARGETS_V2,43,0.984174127641575,1.8086970802036,0.00558115489134641,0.27905774456732,0.27905774456732,2,"tags=2%, list=0%, signal=2%",PUS1
kclike,Hallmark,HALLMARK_ESTROGEN_RESPONSE_EARLY,HALLMARK_ESTROGEN_RESPONSE_EARLY,164,-0.879316590807513,-1.6262522206368,0.0512983890080909,0.854973150134849,0.854973150134849,110,"tags=4%, list=1%, signal=4%",KLF10/FKBP5/SLC7A5/SOX3/INPP5F/DHCR7/ZNF185
kclike,Hallmark,HALLMARK_IL2_STAT5_SIGNALING,HALLMARK_IL2_STAT5_SIGNALING,165,0.918803203775645,1.52091037025578,0.0377263787258061,0.854973150134849,0.854973150134849,2,"tags=1%, list=0%, signal=1%",PUS1
kclike,Hallmark,HALLMARK_FATTY_ACID_METABOLISM,HALLMARK_FATTY_ACID_METABOLISM,125,-0.834605515742541,-1.56048074788293,0.0997920997920998,0.930316091954023,0.930316091954023,186,"tags=2%, list=1%, signal=2%",D2HGDH/SMS/ECI2
kclike,Hallmark,HALLMARK_TGF_BETA_SIGNALING,HALLMARK_TGF_BETA_SIGNALING,40,-0.78568406034679406,-1.49799904527592,0.166994106090373,0.930316091954023,0.930316091954023,782,"tags=15%, list=6%, signal=14%",SKI/TGIF1/HIPK2/KLF10/MAP3K7/SPTBN1
kclike,Hallmark,HALLMARK_ANDROGEN_RESPONSE,HALLMARK_ANDROGEN_RESPONSE,83,-0.782802440328401,-1.49767022704318,0.153846153846154,0.930316091954023,0.930316091954023,262,"tags=7%, list=2%, signal=7%",TNFAIP8/ITGAV/APPBP2/FKBP5/SMS/XRCC6
kclike,Hallmark,HALLMARK_APICAL_JUNCTION,HALLMARK_APICAL_JUNCTION,164,-0.734107243026385,-1.35769476732022,0.203862660944206,0.930316091954023,0.930316091954023,207,"tags=3%, list=2%, signal=3%",CDSN/NECTIN3/CERCAM/NEGR1/ICAM2
kclike,Hallmark,HALLMARK_ANGIOGENESIS,HALLMARK_ANGIOGENESIS,28,-0.705838336681349,-1.33102337842473,0.248543689320388,0.930316091954023,0.930316091954023,69,"tags=11%, list=1%, signal=11%",ITGAV/POSTN/FSTL1
kclike,Hallmark,HALLMARK_GLYCOLYSIS,HALLMARK_GLYCOLYSIS,156,-0.705909035975092,-1.30098898374068,0.250539956803456,0.930316091954023,0.930316091954023,507,"tags=6%, list=4%, signal=6%",GPR87/TPBG/KIF20A/GALE/PHKA2/FKBP4/TPST1/GFUS/GNE
kclike,Hallmark,HALLMARK_E2F_TARGETS,HALLMARK_E2F_TARGETS,170,-0.69182322018467,-1.28309932757115,0.245119305856833,0.930316091954023,0.930316091954023,534,"tags=6%, list=4%, signal=6%",PRKDC/POLE/ORC2/GSPT1/PAN2/CTCF/CHEK1/POLA2/PMS2/XRCC6
kclike,Hallmark,HALLMARK_KRAS_SIGNALING_UP,HALLMARK_KRAS_SIGNALING_UP,155,-0.675171709075292,-1.24800653568864,0.270562770562771,0.930316091954023,0.930316091954023,2,"tags=1%, list=0%, signal=1%",ZNF277/GABRA3
kclike,Hallmark,HALLMARK_PROTEIN_SECRETION,HALLMARK_PROTEIN_SECRETION,85,0.725263182095707,1.23785464314772,0.322314049586777,0.930316091954023,0.930316091954023,33,"tags=1%, list=0%, signal=1%",SSPN
kclike,Hallmark,HALLMARK_ALLOGRAFT_REJECTION,HALLMARK_ALLOGRAFT_REJECTION,144,0.74771094069629,1.23770468006666,0.324577861163227,0.930316091954023,0.930316091954023,433,"tags=6%, list=3%, signal=6%",CCR2/CD3G/MMP9/WARS1/IFNGR1/LCK/LYN/STAT4/ST8SIA4
kclike,Hallmark,HALLMARK_CHOLESTEROL_HOMEOSTASIS,HALLMARK_CHOLESTEROL_HOMEOSTASIS,60,-0.622988497259738,-1.20655991482174,0.276892430278884,0.930316091954023,0.930316091954023,632,"tags=7%, list=5%, signal=6%",ETHE1/PCYT2/CYP51A1/DHCR7
kclike,Hallmark,HALLMARK_MYC_TARGETS_V1,HALLMARK_MYC_TARGETS_V1,151,-0.63085569748504,-1.16458027422122,0.334051724137931,0.930316091954023,0.930316091954023,26,"tags=2%, list=0%, signal=2%",ORC2/GSPT1/XRCC6
kclike,Hallmark,HALLMARK_XENOBIOTIC_METABOLISM,HALLMARK_XENOBIOTIC_METABOLISM,157,0.694761384698266,1.152134734942,0.377777777777778,0.930316091954023,0.930316091954023,431,"tags=4%, list=3%, signal=4%",HSD11B1/CYP2E1/ABHD6/SLC1A5/SPINT2/KARS1/MCCC2
kclike,Hallmark,HALLMARK_HEDGEHOG_SIGNALING,HALLMARK_HEDGEHOG_SIGNALING,31,0.61220353965812,1.15175168703501,0.329918032786885,0.930316091954023,0.930316091954023,1369,"tags=23%, list=10%, signal=20%",VEGFA/NF1/OPHN1/ETS2/NRCAM/GLI1/CRMP1
kclike,Hallmark,HALLMARK_COMPLEMENT,HALLMARK_COMPLEMENT,149,0.661446440675233,1.09210526997664,0.422718808193669,0.930316091954023,0.930316091954023,491,"tags=7%, list=4%, signal=7%",LTF/TIMP2/CDH13/C1S/LCK/LYN/LRP1/CASP4/USP8/SERPINB2
kclike,Hallmark,HALLMARK_INTERFERON_ALPHA_RESPONSE,HALLMARK_INTERFERON_ALPHA_RESPONSE,65,-0.552798659289859,-1.07719753291149,0.380769230769231,0.930316091954023,0.930316091954023,525,"tags=14%, list=4%, signal=13%",CD74/RIPK2/B2M/RTP4/CD47/TRIM14/TRIM25/PARP9/ADAR
kclike,Hallmark,HALLMARK_MITOTIC_SPINDLE,HALLMARK_MITOTIC_SPINDLE,181,-0.554275844842176,-1.0179196126146,0.440789473684211,0.930316091954023,0.930316091954023,772,"tags=17%, list=6%, signal=16%",CDC42EP1/STAU1/DOCK4/ARHGEF7/PAFAH1B1/SSH2/RAB3GAP1/MYO9B/PLK1/NUMA1/SUN2/VCL/SHROOM2/KATNA1/KIF4A/BRCA2/CDK5RAP2/CEP192/SORBS2/ARFGEF1/KIF20B/EPB41L2/CDC42BPA/DST/LRPPRC/RICTOR/CEP131/CLIP2/SPTBN1/KIF15/ALMS1
kclike,Hallmark,HALLMARK_TNFA_SIGNALING_VIA_NFKB,HALLMARK_TNFA_SIGNALING_VIA_NFKB,148,-0.537705633194413,-0.996008835488437,0.459227467811159,0.930316091954023,0.930316091954023,305,"tags=5%, list=2%, signal=5%",RHOB/SLC16A6/EGR2/BCL6/KLF10/KDM6B/CFLAR
kclike,Hallmark,HALLMARK_MYOGENESIS,HALLMARK_MYOGENESIS,169,0.587945772919507,0.979158614775834,0.522222222222222,0.930316091954023,0.930316091954023,684,"tags=8%, list=5%, signal=8%",SSPN/DENND2B/MYL6B/SPARC/DES/CDH13/GSN/SVIL/CKMT2/TNNT3/BIN1/ACTC1/LDB3/TCAP
kclike,Hallmark,HALLMARK_PEROXISOME,HALLMARK_PEROXISOME,85,0.56572439204006,0.965559237965425,0.504132231404959,0.930316091954023,0.930316091954023,179,"tags=4%, list=1%, signal=4%",SEMA3C/PRDX1/SIAH1
kclike,Hallmark,HALLMARK_HYPOXIA,HALLMARK_HYPOXIA,158,0.566685173652366,0.940911529260829,0.548148148148148,0.930316091954023,0.930316091954023,565,"tags=4%, list=4%, signal=4%",TGFB3/VEGFA/IRS2/FAM162A/ERRFI1/PGF/ERO1A
kclike,Hallmark,HALLMARK_INTERFERON_GAMMA_RESPONSE,HALLMARK_INTERFERON_GAMMA_RESPONSE,146,0.565038869317716,0.933566736536002,0.540186915887851,0.930316091954023,0.930316091954023,646,"tags=9%, list=5%, signal=9%",SSPN/ISG15/WARS1/APOL6/C1S/TXNIP/CASP4/STAT4/ST8SIA4/STAT2/MYD88/ITGB7/LY6E
kclike,Hallmark,HALLMARK_DNA_REPAIR,HALLMARK_DNA_REPAIR,110,0.554114706152736,0.913337718375038,0.548902195608782,0.930316091954023,0.930316091954023,1088,"tags=13%, list=8%, signal=12%",ADA/LIG1/EDF1/POLR1H/DDB1/POLR2F/VPS37D/DUT/REV3L/TP53/POLR2G/TAF10/XPC/RFC4
kclike,Hallmark,HALLMARK_OXIDATIVE_PHOSPHORYLATION,HALLMARK_OXIDATIVE_PHOSPHORYLATION,139,-0.482664378566036,-0.900916516118854,0.521008403361345,0.930316091954023,0.930316091954023,1323,"tags=13%, list=10%, signal=12%",CASP7/MAOB/PMPCA/ALAS1/NDUFB2/ACO2/AIFM1/NDUFB4/OAT/COX10/DLST/LRPPRC/MTX2/MRPL35/ABCB7/UQCRQ/NDUFS2/NDUFB8
kclike,Hallmark,HALLMARK_G2M_CHECKPOINT,HALLMARK_G2M_CHECKPOINT,171,-0.485061600568332,-0.899516813896405,0.526086956521739,0.930316091954023,0.930316091954023,1242,"tags=12%, list=9%, signal=11%",TGFB1/EZH2/KATNA1/KIF4A/HNRNPU/BRCA2/EFNA5/EGF/PRPF4B/KIF20B/PURA/POLE/YTHDC1/KNL1/GSPT1/CTCF/CHEK1/POLA2/SLC7A5/KIF15
kclike,Hallmark,HALLMARK_MTORC1_SIGNALING,HALLMARK_MTORC1_SIGNALING,169,-0.466901258503368,-0.865651450121903,0.554112554112554,0.930316091954023,0.930316091954023,864,"tags=8%, list=7%, signal=8%",QDPR/SRD5A1/EPRS1/GGA2/ACLY/ETF1/GTF2H1/RIT1/PSMD13/TXNRD1/PSAT1/CYP51A1/SLC7A5/DHCR7
kclike,Hallmark,HALLMARK_EPITHELIAL_MESENCHYMAL_TRANSITION,HALLMARK_EPITHELIAL_MESENCHYMAL_TRANSITION,166,-0.463977727733146,-0.861232689244019,0.558189655172414,0.930316091954023,0.930316091954023,851,"tags=9%, list=6%, signal=9%",CDH2/P3H1/LAMC2/BGN/CALD1/ITGB3/DST/ITGAV/MMP3/RHOB/SLC6A8/LAMA2/TPM4/POSTN/FSTL1
kclike,Hallmark,HALLMARK_P53_PATHWAY,HALLMARK_P53_PATHWAY,155,0.508776891266931,0.843328682231545,0.603703703703704,0.934095860566449,0.934095860566449,410,"tags=7%, list=3%, signal=7%",ADA/ELP1/SLC3A2/FAM162A/SERTAD3/NUPR1/CDH13/ABAT/WRAP73/TXNIP/SLC19A2
kclike,Hallmark,HALLMARK_ADIPOGENESIS,HALLMARK_ADIPOGENESIS,154,0.485060803665715,0.802738845550303,0.635185185185185,0.934095860566449,0.934095860566449,444,"tags=3%, list=3%, signal=3%",SSPN/IFNGR1/SLC1A5/NKIRAS1/PTCD3
kclike,Hallmark,HALLMARK_SPERMATOGENESIS,HALLMARK_SPERMATOGENESIS,108,0.478132818547855,0.794844753328635,0.630952380952381,0.934095860566449,0.934095860566449,1225,"tags=11%, list=9%, signal=10%",MEP1B/AKAP4/CFTR/CDKN3/SHE/CHFR/MTOR/TCP11/RFC4/IL12RB2/ART3/PHKG2
kclike,Hallmark,HALLMARK_IL6_JAK_STAT3_SIGNALING,HALLMARK_IL6_JAK_STAT3_SIGNALING,63,0.441687201031935,0.785404109511612,0.589690721649485,0.934095860566449,0.934095860566449,1437,"tags=19%, list=11%, signal=17%",OSMR/CRLF2/IFNGR1/STAT2/MYD88/CBL/PTPN1/CD44/CD36/MAP3K8/CSF2RA/HAX1
kclike,Hallmark,HALLMARK_PI3K_AKT_MTOR_SIGNALING,HALLMARK_PI3K_AKT_MTOR_SIGNALING,90,-0.384580827928142,-0.73553933145598,0.690661478599222,0.936213991769547,0.936213991769547,1744,"tags=17%, list=13%, signal=15%",IL4/RAF1/AKT1S1/MAPK1/ITPR2/MAPK10/FASLG/PRKCB/RIT1/RPS6KA1/TRAF2/CAB39/RIPK1/IRAK4/MAP3K7
kclike,Hallmark,HALLMARK_APOPTOSIS,HALLMARK_APOPTOSIS,127,-0.382173185690815,-0.716819762651711,0.733887733887734,0.936213991769547,0.936213991769547,914,"tags=13%, list=7%, signal=12%",CD2/PSEN2/PPP2R5B/FASLG/CASP9/ETF1/FEZ1/BGN/IFNB1/BCL10/GUCY2D/DNM1L/RHOB/CAV1/MADD/CFLAR
kclike,Hallmark,HALLMARK_REACTIVE_OXYGEN_SPECIES_PATHWAY,HALLMARK_REACTIVE_OXYGEN_SPECIES_PATHWAY,39,0.376666688410291,0.69230567766898,0.676891615541922,0.936213991769547,0.936213991769547,214,"tags=8%, list=2%, signal=8%",PRDX1/HHEX/GLRX2
kclike,Hallmark,HALLMARK_ESTROGEN_RESPONSE_LATE,HALLMARK_ESTROGEN_RESPONSE_LATE,157,0.405215647420955,0.671976066629623,0.762962962962963,0.936213991769547,0.936213991769547,254,"tags=3%, list=2%, signal=3%",LTF/PLAAT3/TFAP2C/TFF1
kclike,Hallmark,HALLMARK_PANCREAS_BETA_CELLS,HALLMARK_PANCREAS_BETA_CELLS,29,-0.348198681890696,-0.658928293052019,0.76504854368932,0.936213991769547,0.936213991769547,3394,"tags=34%, list=26%, signal=26%",PCSK2/VDR/LMO2/SYT13/ELP4/SRP9/SLC2A2/ISL1/PCSK1/NKX2-2
kclike,Hallmark,HALLMARK_APICAL_SURFACE,HALLMARK_APICAL_SURFACE,36,0.352602160626981,0.656140251298118,0.723790322580645,0.936213991769547,0.936213991769547,345,"tags=6%, list=3%, signal=5%",SULF2/LYN
kclike,Hallmark,HALLMARK_UNFOLDED_PROTEIN_RESPONSE,HALLMARK_UNFOLDED_PROTEIN_RESPONSE,90,-0.323054486592742,-0.617865644453496,0.828793774319066,0.936213991769547,0.936213991769547,1392,"tags=14%, list=11%, signal=13%",HERPUD1/CNOT4/EDC4/KDELR3/PARN/LSM1/DCP1A/FUS/EXOSC4/NFYA/PREB/PSAT1/SLC7A5
kclike,Hallmark,HALLMARK_INFLAMMATORY_RESPONSE,HALLMARK_INFLAMMATORY_RESPONSE,158,0.370046720581931,0.614417390729709,0.842592592592593,0.936213991769547,0.936213991769547,1188,"tags=10%, list=9%, signal=9%",PDPN/MSR1/OSMR/CLEC5A/LCK/LYN/KCNJ2/TACR3/LY6E/LPAR1/P2RY2/NAMPT/IL10/LCP2/CCL24/OSM
kclike,Hallmark,HALLMARK_UV_RESPONSE_DN,HALLMARK_UV_RESPONSE_DN,130,0.366788171286752,0.608754320908097,0.812854442344045,0.936213991769547,0.936213991769547,1599,"tags=15%, list=12%, signal=14%",PIAS3/SLC22A18/CAP2/NFIB/LTBP1/SCN8A/NEK7/WDR37/PTPN21/LPAR1/MIOS/FHL2/COL1A1/PLCB4/EFEMP1/TGFBR3/ERBB2/SPOP/FZD2/TFPI
kclike,Hallmark,HALLMARK_WNT_BETA_CATENIN_SIGNALING,HALLMARK_WNT_BETA_CATENIN_SIGNALING,39,0.319331516377241,0.586924802879831,0.79959100204499,0.936213991769547,0.936213991769547,2401,"tags=28%, list=18%, signal=23%",KAT2A/HDAC2/TP53/DVL2/GNAI1/LEF1/HDAC5/JAG1/DKK1/RBPJ/DKK4
kclike,Hallmark,HALLMARK_BILE_ACID_METABOLISM,HALLMARK_BILE_ACID_METABOLISM,83,0.332197421994176,0.568415047770178,0.813278008298755,0.936213991769547,0.936213991769547,2228,"tags=22%, list=17%, signal=18%",SLC22A18/NR3C2/LCK/ABCD1/ISOC1/PEX26/PNPLA8/RXRG/CYP46A1/KLF1/NEDD4/AQP9/CYP27A1/ALDH8A1/ABCD2/NR0B2/CYP7A1/PECR
kclike,Hallmark,HALLMARK_COAGULATION,HALLMARK_COAGULATION,111,0.328761110731673,0.543987553781123,0.869565217391304,0.945179584120983,0.945179584120983,491,"tags=6%, list=4%, signal=6%",MMP9/SPARC/C1S/GSN/CAPN2/LRP1/SERPINB2
kclike,Hallmark,HALLMARK_KRAS_SIGNALING_DN,HALLMARK_KRAS_SIGNALING_DN,151,-0.28499251603467,-0.52610551636101,0.926724137931034,0.965337643678161,0.965337643678161,1334,"tags=20%, list=10%, signal=18%",TFCP2L1/TG/GP2/KMT2D/OXT/ARPP21/TEX15/EDN2/C5/BTG2/SHOX2/SLC6A14/CCNA1/SPTBN2/P2RX6/KLK8/AMBN/WNT16/PTGFR/EDN1/CKM/COPZ2/SGK1/EGF/TFAP2B/CELSR2/BRDT/CALML5/TSHB/NTF3
kclike,Hallmark,HALLMARK_UV_RESPONSE_UP,HALLMARK_UV_RESPONSE_UP,123,0.301223756199517,0.498425903405977,0.915384615384615,0.965337643678161,0.965337643678161,1523,"tags=14%, list=12%, signal=12%",STARD3/SELENOW/PLCL1/LYN/TACR3/HYAL2/MSX1/PTPRD/PDAP1/APOM/RFC4/RXRB/CDK2/TAP1/ABCB1/PRKACA/SOD2
kclike,Hallmark,HALLMARK_HEME_METABOLISM,HALLMARK_HEME_METABOLISM,162,-0.278975546234138,-0.514844755004888,0.947712418300654,0.967053488061891,0.967053488061891,1918,"tags=25%, list=15%, signal=22%",SLC66A2/MGST3/P4HA2/LRP10/TYR/SPTA1/BCAM/SNCA/BTG2/RHCE/EZH1/ARHGEF12/PSMD9/CA1/ABCB6/XPO7/PDZK1IP1/PGLS/OPTN/MARCHF2/MARCHF8/UCP2/PICALM/ENDOD1/MYL4/PPP2R5B/ALAD/MARK3/SLC30A10/CAT/SELENBP1/KDM7A/BTRC/RNF123/SEC14L1/CAST/PPOX/HAGH/SLC6A8/SLC22A4/ALAS2
kclike,Hallmark,HALLMARK_NOTCH_SIGNALING,HALLMARK_NOTCH_SIGNALING,25,-0.239725460708859,-0.452232941729953,0.969348659003831,0.969348659003831,0.969348659003831,1032,"tags=28%, list=8%, signal=26%",SKP1/MAML2/APH1A/CUL1/NOTCH1/PSEN2/ST3GAL6
tgfb,Hallmark,HALLMARK_TGF_BETA_SIGNALING,HALLMARK_TGF_BETA_SIGNALING,41,-0.987633218846095,-1.57320168331966,0.0182295022081441,0.852658926419032,0.852658926419032,3,"tags=5%, list=0%, signal=5%",TGIF1/APC
tgfb,Hallmark,HALLMARK_MITOTIC_SPINDLE,HALLMARK_MITOTIC_SPINDLE,181,-0.952214475999026,-1.37834157781217,0.0341063570567613,0.852658926419032,0.852658926419032,135,"tags=2%, list=1%, signal=2%",VCL/TUBA4A/APC
tgfb,Hallmark,HALLMARK_PEROXISOME,HALLMARK_PEROXISOME,85,-0.945615360140917,-1.43132429335362,0.116693679092382,0.994535519125683,0.994535519125683,37,"tags=7%, list=0%, signal=7%",MLYCD/SMARCC1/HSD17B4/RXRG/ITGB1BP1/PEX6
tgfb,Hallmark,HALLMARK_BILE_ACID_METABOLISM,HALLMARK_BILE_ACID_METABOLISM,83,-0.931648026869166,-1.40793345849278,0.16260162601626,0.994535519125683,0.994535519125683,161,"tags=6%, list=1%, signal=6%",MLYCD/SULT1B1/HSD17B4/RXRG/PEX6
tgfb,Hallmark,HALLMARK_XENOBIOTIC_METABOLISM,HALLMARK_XENOBIOTIC_METABOLISM,158,0.866510031157262,1.37156991421584,0.163101604278075,0.994535519125683,0.994535519125683,220,"tags=4%, list=2%, signal=4%",FETUB/KYNU/TAT/CAT/PMM1/JUP
tgfb,Hallmark,HALLMARK_HEDGEHOG_SIGNALING,HALLMARK_HEDGEHOG_SIGNALING,31,0.812818307015215,1.36948177589946,0.212713936430318,0.994535519125683,0.994535519125683,227,"tags=6%, list=2%, signal=6%",NRCAM/RASA1
tgfb,Hallmark,HALLMARK_KRAS_SIGNALING_DN,HALLMARK_KRAS_SIGNALING_DN,151,-0.938048408359598,-1.36279680677397,0.089171974522293,0.994535519125683,0.994535519125683,15,"tags=3%, list=0%, signal=3%",FGFR3/STAG3/SOX10/CALML5
tgfb,Hallmark,HALLMARK_PI3K_AKT_MTOR_SIGNALING,HALLMARK_PI3K_AKT_MTOR_SIGNALING,90,-0.886824921216631,-1.33720989510551,0.238333333333333,0.994535519125683,0.994535519125683,14,"tags=2%, list=0%, signal=2%",IL4/ITPR2
tgfb,Hallmark,HALLMARK_ADIPOGENESIS,HALLMARK_ADIPOGENESIS,154,-0.904944243410633,-1.31355203683613,0.188888888888889,0.994535519125683,0.994535519125683,269,"tags=5%, list=2%, signal=5%",IDH3G/APOE/YWHAG/IDH3A/COL15A1/STAT5A/ELOVL6
tgfb,Hallmark,HALLMARK_MTORC1_SIGNALING,HALLMARK_MTORC1_SIGNALING,169,-0.903365258811613,-1.30754154275912,0.193396226415094,0.994535519125683,0.994535519125683,112,"tags=2%, list=1%, signal=2%",RPN1/EGLN3/TUBA4A/ELOVL6
tgfb,Hallmark,HALLMARK_COAGULATION,HALLMARK_COAGULATION,113,-0.866642557371745,-1.29542826538006,0.283606557377049,0.994535519125683,0.994535519125683,527,"tags=7%, list=4%, signal=7%",APOA1/CTSE/ISCU/CFI/CAPN5/CLU/CPN1/DCT
tgfb,Hallmark,HALLMARK_COMPLEMENT,HALLMARK_COMPLEMENT,151,-0.88518994392683,-1.28600402518829,0.245222929936306,0.994535519125683,0.994535519125683,29,"tags=2%, list=0%, signal=2%",ITGAM/APOA4/C1QC
tgfb,Hallmark,HALLMARK_SPERMATOGENESIS,HALLMARK_SPERMATOGENESIS,109,-0.860215962537636,-1.28211402635183,0.28830313014827,0.994535519125683,0.994535519125683,184,"tags=2%, list=1%, signal=2%",CRISP2/MLLT10
tgfb,Hallmark,HALLMARK_APICAL_JUNCTION,HALLMARK_APICAL_JUNCTION,165,0.786719959696531,1.23484505645803,0.295081967213115,0.994535519125683,0.994535519125683,341,"tags=5%, list=3%, signal=5%",ALOX15B/THBS3/EVL/CLDN6/JUP/RASA1/CALB2/CERCAM
tgfb,Hallmark,HALLMARK_INTERFERON_GAMMA_RESPONSE,HALLMARK_INTERFERON_GAMMA_RESPONSE,147,0.762835266105006,1.21379092996961,0.301837270341207,0.994535519125683,0.994535519125683,441,"tags=5%, list=3%, signal=5%",GZMA/SERPING1/IFI30/PNP/SLAMF7/TRIM25/RNF213
tgfb,Hallmark,HALLMARK_APOPTOSIS,HALLMARK_APOPTOSIS,128,-0.795276990203319,-1.17235032526126,0.381642512077295,0.994535519125683,0.994535519125683,107,"tags=2%, list=1%, signal=2%",CLU/DNM1L/IFNB1
tgfb,Hallmark,HALLMARK_WNT_BETA_CATENIN_SIGNALING,HALLMARK_WNT_BETA_CATENIN_SIGNALING,39,0.699263627941404,1.16292504396659,0.352216748768473,0.994535519125683,0.994535519125683,853,"tags=13%, list=6%, signal=12%",WNT1/DKK1/MAML1/TCF7/DKK4
tgfb,Hallmark,HALLMARK_MYC_TARGETS_V1,HALLMARK_MYC_TARGETS_V1,151,-0.732683920338006,-1.06444326125704,0.464968152866242,0.994535519125683,0.994535519125683,322,"tags=6%, list=2%, signal=6%",PRDX4/CDC45/PSMD8/NAP1L1/HNRNPA3/SMARCC1/HNRNPR/FBL/PCNA
tgfb,Hallmark,HALLMARK_MYOGENESIS,HALLMARK_MYOGENESIS,170,0.654333394318913,1.02369607499061,0.435967302452316,0.994535519125683,0.994535519125683,226,"tags=3%, list=2%, signal=3%",ACSL1/SPDEF/TPM2/AGRN/CDH13
tgfb,Hallmark,HALLMARK_ALLOGRAFT_REJECTION,HALLMARK_ALLOGRAFT_REJECTION,145,0.620742030243076,0.985968139892855,0.447916666666667,0.994535519125683,0.994535519125683,115,"tags=1%, list=1%, signal=1%",GZMA/IL11
tgfb,Hallmark,HALLMARK_HYPOXIA,HALLMARK_HYPOXIA,159,0.622598429177602,0.983880589996528,0.474666666666667,0.994535519125683,0.994535519125683,874,"tags=11%, list=7%, signal=11%",JMJD6/INHA/BGN/ENO1/GAPDHS/MAP3K1/GLRX/HAS1/CHST3/KIF5A/ALDOC/FBP1/SLC2A1/TGFB3/IRS2/PDGFB/SLC6A6/B3GALT6
tgfb,Hallmark,HALLMARK_NOTCH_SIGNALING,HALLMARK_NOTCH_SIGNALING,25,-0.607053164719888,-0.975060116557418,0.494897959183673,0.994535519125683,0.994535519125683,2356,"tags=32%, list=18%, signal=26%",PPARD/FZD5/CUL1/PRKCA/NOTCH3/NOTCH2/CCND1/SKP1
tgfb,Hallmark,HALLMARK_UV_RESPONSE_UP,HALLMARK_UV_RESPONSE_UP,123,-0.634933425651449,-0.93543507431239,0.554119547657512,0.994535519125683,0.994535519125683,375,"tags=3%, list=3%, signal=3%",STK25/EIF2S3/RPN1/TUBA4A
tgfb,Hallmark,HALLMARK_APICAL_SURFACE,HALLMARK_APICAL_SURFACE,37,0.541057551447858,0.903659871782671,0.495073891625616,0.994535519125683,0.994535519125683,419,"tags=5%, list=3%, signal=5%",MDGA1/PKHD1
tgfb,Hallmark,HALLMARK_ESTROGEN_RESPONSE_EARLY,HALLMARK_ESTROGEN_RESPONSE_EARLY,164,0.566660193505511,0.886842306077104,0.585164835164835,0.994535519125683,0.994535519125683,1884,"tags=23%, list=14%, signal=20%",ISG20L2/ARL3/ITPK1/TBC1D30/RET/ABAT/ANXA9/CALB2/RAB31/PODXL/UNC119/CBFA2T3/SYBU/ABHD2/SLC24A3/FHL2/RPS6KA2/SLC2A1/SYNGR1/REEP1/CELSR1/SLC7A2/BCL11B/MAPT/TJP3/BAG1/SH3BP5/SLC27A2/MYC/PLAAT3/DHCR7/CYP26B1/SNX24/FASN/B4GALT1/BHLHE40/GREB1
tgfb,Hallmark,HALLMARK_ANDROGEN_RESPONSE,HALLMARK_ANDROGEN_RESPONSE,83,0.547010176563361,0.876513689598258,0.58656330749354,0.994535519125683,0.994535519125683,1395,"tags=16%, list=11%, signal=14%",SPDEF/ABHD2/SMS/LIFR/NGLY1/VAPA/ELL2/INPP4B/MAP7/TNFAIP8/CDK6/B2M/UBE2J1
tgfb,Hallmark,HALLMARK_P53_PATHWAY,HALLMARK_P53_PATHWAY,155,0.542478733166549,0.860590042523941,0.609625668449198,0.994535519125683,0.994535519125683,311,"tags=5%, list=2%, signal=4%",ALOX15B/ADA/SERTAD3/PMM1/IFI30/CDH13/ABAT
tgfb,Hallmark,HALLMARK_OXIDATIVE_PHOSPHORYLATION,HALLMARK_OXIDATIVE_PHOSPHORYLATION,139,-0.588485740946324,-0.860042928318918,0.633440514469453,0.994535519125683,0.994535519125683,1081,"tags=16%, list=8%, signal=15%",ETFDH/NDUFS1/IMMT/UQCRFS1/IDH3B/NDUFB6/ETFB/HCCS/OXA1L/TOMM70/UQCRB/COX17/NDUFS2/AFG3L2/ISCU/SUCLG1/UQCRC1/ATP5F1A/NDUFA6/NDUFB4/IDH3G/IDH3A
tgfb,Hallmark,HALLMARK_FATTY_ACID_METABOLISM,HALLMARK_FATTY_ACID_METABOLISM,125,-0.566898279504357,-0.8340998066123,0.652665589660743,0.994535519125683,0.994535519125683,312,"tags=6%, list=2%, signal=6%",GPD1/SUCLG1/CBR3/IDH3G/HSP90AA1/MLYCD/HSD17B4
tgfb,Hallmark,HALLMARK_TNFA_SIGNALING_VIA_NFKB,HALLMARK_TNFA_SIGNALING_VIA_NFKB,151,0.522619167845074,0.826515314171901,0.657754010695187,0.994535519125683,0.994535519125683,1065,"tags=10%, list=8%, signal=9%",SQSTM1/TNC/KYNU/NFAT5/YRDC/F2RL1/SOD2/IRS2/IER2/TNIP1/OLR1/ZFP36/NR4A1/BIRC2/RELB
tgfb,Hallmark,HALLMARK_ANGIOGENESIS,HALLMARK_ANGIOGENESIS,28,-0.497420082198524,-0.797041779158641,0.648333333333333,0.994535519125683,0.994535519125683,1102,"tags=18%, list=8%, signal=16%",NRP1/JAG2/COL3A1/APOH/ITGAV
tgfb,Hallmark,HALLMARK_PANCREAS_BETA_CELLS,HALLMARK_PANCREAS_BETA_CELLS,29,-0.477735523687634,-0.759322309955836,0.685714285714286,0.994535519125683,0.994535519125683,569,"tags=10%, list=4%, signal=10%",ABCC8/SRP9/PKLR
tgfb,Hallmark,HALLMARK_HEME_METABOLISM,HALLMARK_HEME_METABOLISM,163,0.472619216471985,0.743154863550212,0.75609756097561,0.994535519125683,0.994535519125683,1126,"tags=13%, list=9%, signal=12%",GATA1/GAPVD1/CAT/UROS/ERMAP/SLC10A3/ACP5/MARK3/LMO2/SLC22A4/TNRC6B/SYNJ1/SLC2A1/ASNS/SLC6A8/ELL2/CPOX/TSPO2/HDGF/RHAG/TFDP2
tgfb,Hallmark,HALLMARK_EPITHELIAL_MESENCHYMAL_TRANSITION,HALLMARK_EPITHELIAL_MESENCHYMAL_TRANSITION,169,0.467047412364189,0.73485658382907,0.784153005464481,0.994535519125683,0.994535519125683,479,"tags=6%, list=4%, signal=6%",TNC/BGN/TPM2/THBS2/DKK1/PFN2/PDLIM4/FOXC2/FLNA/PVR
tgfb,Hallmark,HALLMARK_DNA_REPAIR,HALLMARK_DNA_REPAIR,110,-0.483014918605624,-0.721553336923306,0.756578947368421,0.994535519125683,0.994535519125683,499,"tags=4%, list=4%, signal=4%",COX17/GMPR2/TMED2/PCNA
tgfb,Hallmark,HALLMARK_G2M_CHECKPOINT,HALLMARK_G2M_CHECKPOINT,172,-0.483604173818919,-0.699553114025079,0.816326530612245,0.994535519125683,0.994535519125683,556,"tags=8%, list=4%, signal=7%",CDC45/TROAP/DR1/EXO1/RAD54L/TENT4A/LBR/TLE3/NUP50/FOXN3/SMARCC1/RBM14/FANCC
tgfb,Hallmark,HALLMARK_E2F_TARGETS,HALLMARK_E2F_TARGETS,171,-0.476531093999798,-0.688879845410343,0.828616352201258,0.994535519125683,0.994535519125683,60,"tags=2%, list=0%, signal=2%",LBR/NAP1L1/CDCA8/PCNA
tgfb,Hallmark,HALLMARK_PROTEIN_SECRETION,HALLMARK_PROTEIN_SECRETION,85,0.404137862428603,0.647863662598086,0.815584415584416,0.994535519125683,0.994535519125683,157,"tags=4%, list=1%, signal=4%",SEC22B/TSPAN8/COPB1
tgfb,Hallmark,HALLMARK_REACTIVE_OXYGEN_SPECIES_PATHWAY,HALLMARK_REACTIVE_OXYGEN_SPECIES_PATHWAY,39,-0.401267122460115,-0.636464551472382,0.827181208053691,0.994535519125683,0.994535519125683,653,"tags=15%, list=5%, signal=15%",PRDX4/GCLC/NDUFS2/STK25/NDUFA6/NDUFB4
tgfb,Hallmark,HALLMARK_GLYCOLYSIS,HALLMARK_GLYCOLYSIS,156,-0.43820680567909,-0.633337223488539,0.867834394904459,0.994535519125683,0.994535519125683,582,"tags=4%, list=4%, signal=4%",PAXIP1/GCLC/HS6ST2/CAPN5/QSOX1/EGLN3
tgfb,Hallmark,HALLMARK_INFLAMMATORY_RESPONSE,HALLMARK_INFLAMMATORY_RESPONSE,158,0.393738784794978,0.623236029435745,0.890374331550802,0.994535519125683,0.994535519125683,560,"tags=4%, list=4%, signal=4%",NOD2/NDP/SGMS2/ITGB8/PVR/C5AR1
tgfb,Hallmark,HALLMARK_ESTROGEN_RESPONSE_LATE,HALLMARK_ESTROGEN_RESPONSE_LATE,158,0.372424226265099,0.58949792351292,0.927807486631016,0.994535519125683,0.994535519125683,1714,"tags=16%, list=13%, signal=14%",ARL3/ITPK1/TST/RET/ANXA9/RAB31/ABHD2/SLC24A3/SERPINA1/RPS6KA2/UGDH/DNAJC12/TSPAN13/ZFP36/XRCC3/MAPT/DCXR/TJP3/BAG1/GPER1/SLC27A2/LTF/PLAAT3/DHCR7/CYP26B1
tgfb,Hallmark,HALLMARK_UNFOLDED_PROTEIN_RESPONSE,HALLMARK_UNFOLDED_PROTEIN_RESPONSE,90,-0.388237045561866,-0.585408017469368,0.886666666666667,0.994535519125683,0.994535519125683,1149,"tags=9%, list=9%, signal=8%",SLC7A5/ATF3/ERN1/ALDH18A1/EIF2AK3/H2AX/HERPUD1/NOP14
tgfb,Hallmark,HALLMARK_UV_RESPONSE_DN,HALLMARK_UV_RESPONSE_DN,130,0.362002793939735,0.572201309211839,0.926315789473684,0.994535519125683,0.994535519125683,2532,"tags=25%, list=19%, signal=20%",NR1D2/ADGRL2/TGFBR2/FHL2/SYNE1/VAV2/INPP4B/CITED2/AGGF1/MYC/PRKCE/WDR37/MTA1/CCN1/PMP22/BHLHE40/SNAI2/ANXA4/ICA1/MAP2K5/ACVR2A/ANXA2/PRKAR2B/NR3C1/ID1/PPARG/SLC7A1/ATP2C1/SPOP/LDLR/DLC1/PIK3CD
tgfb,Hallmark,HALLMARK_IL6_JAK_STAT3_SIGNALING,HALLMARK_IL6_JAK_STAT3_SIGNALING,64,0.330673170464097,0.541607798146391,0.928571428571429,0.994535519125683,0.994535519125683,2007,"tags=16%, list=15%, signal=13%",PTPN11/ITGA4/IL17RA/PTPN1/CCL7/IRF1/STAM2/CXCL10/IL1B/IL1R2
tgfb,Hallmark,HALLMARK_CHOLESTEROL_HOMEOSTASIS,HALLMARK_CHOLESTEROL_HOMEOSTASIS,61,0.329504007302942,0.537807970616917,0.921760391198044,0.994535519125683,0.994535519125683,751,"tags=5%, list=6%, signal=5%",GUSB/ALDOC/TRIB3
tgfb,Hallmark,HALLMARK_KRAS_SIGNALING_UP,HALLMARK_KRAS_SIGNALING_UP,155,-0.335942453445195,-0.487293771153964,0.974522292993631,0.994535519125683,0.994535519125683,765,"tags=10%, list=6%, signal=9%",PTCD2/CCSER2/DNMBP/PTGS2/PLAU/PTBP2/AKAP12/MTMR10/BIRC3/ITGB2/CTSS/PDCD1LG2/PRKG2/HDAC9/GALNT3
tgfb,Hallmark,HALLMARK_MYC_TARGETS_V2,HALLMARK_MYC_TARGETS_V2,44,0.293238227735687,0.486899881053627,0.961070559610706,0.994535519125683,0.994535519125683,762,"tags=7%, list=6%, signal=6%",NOP56/MCM5/BYSL
tgfb,Hallmark,HALLMARK_IL2_STAT5_SIGNALING,HALLMARK_IL2_STAT5_SIGNALING,165,0.30381565813924,0.476872690089749,0.994535519125683,0.994535519125683,0.994535519125683,2119,"tags=23%, list=16%, signal=20%",GATA1/ITGAE/PNP/SPRY4/COL6A1/GPR65/GALM/IRF8/CTSZ/PRNP/TNFRSF18/CCNE1/CD86/ST3GAL4/ETV4/ODC1/KLF6/MYC/F2RL2/PHLDA1/NCS1/LRRC8C/PLIN2/SHE/RABGAP1L/BHLHE40/ITIH5/RHOB/GADD45B/ANXA4/POU2F1/CXCL10/CISH/IL1R2/AHR/SMPDL3A/SYNGR2/SYT11
tgfb,Hallmark,HALLMARK_INTERFERON_ALPHA_RESPONSE,HALLMARK_INTERFERON_ALPHA_RESPONSE,65,0.262903351864792,0.430036544016266,0.985074626865672,0.994535519125683,0.994535519125683,431,"tags=3%, list=3%, signal=3%",IFI30/TRIM25
tnfa,Hallmark,HALLMARK_KRAS_SIGNALING_DN,HALLMARK_KRAS_SIGNALING_DN,151,0.84929581063281,1.72025299444029,0.00261201683867624,0.130600841933812,0.129226096229246,189,"tags=5%, list=1%, signal=5%",IL5/GPRC5C/THRB/CACNG1/CLDN8/CD80/KCNQ2/EDN1
tnfa,Hallmark,HALLMARK_TGF_BETA_SIGNALING,HALLMARK_TGF_BETA_SIGNALING,40,0.908890511541352,1.76135242360757,0.0104511565348456,0.26127891337114,0.258528609019865,61,"tags=5%, list=0%, signal=5%",SLC20A1/APC
tnfa,Hallmark,HALLMARK_INTERFERON_ALPHA_RESPONSE,HALLMARK_INTERFERON_ALPHA_RESPONSE,65,0.801584547337273,1.58051417977957,0.069811320754717,0.627572016460905,0.620965995235001,12,"tags=2%, list=0%, signal=2%",HELZ2
tnfa,Hallmark,HALLMARK_DNA_REPAIR,HALLMARK_DNA_REPAIR,110,-0.68232772256213,-1.57953972226163,0.0848623853211009,0.627572016460905,0.620965995235001,49,"tags=4%, list=0%, signal=4%",ADA/BCAM/CLP1/POLA2
tnfa,Hallmark,HALLMARK_KRAS_SIGNALING_UP,HALLMARK_KRAS_SIGNALING_UP,155,0.753280938294459,1.53112066544561,0.0427350427350427,0.627572016460905,0.620965995235001,339,"tags=5%, list=3%, signal=5%",BTC/MMP11/EPHB2/EPB41L3/USP12/ALDH1A3/IGFBP3/RETN
tnfa,Hallmark,HALLMARK_BILE_ACID_METABOLISM,HALLMARK_BILE_ACID_METABOLISM,83,0.769447111924084,1.50814044431925,0.0899280575539568,0.627572016460905,0.620965995235001,31,"tags=2%, list=0%, signal=2%",ISOC1/PEX1
tnfa,Hallmark,HALLMARK_COAGULATION,HALLMARK_COAGULATION,111,0.750584091939392,1.50469343993801,0.0828924162257496,0.627572016460905,0.620965995235001,297,"tags=7%, list=2%, signal=7%",MMP11/CRIP2/DCT/HNF4A/MMP14/SIRT2/PLEK/C2
tnfa,Hallmark,HALLMARK_PEROXISOME,HALLMARK_PEROXISOME,85,0.745848475139416,1.47014540610263,0.111111111111111,0.627572016460905,0.620965995235001,30,"tags=2%, list=0%, signal=2%",CACNA1B/ISOC1
tnfa,Hallmark,HALLMARK_INFLAMMATORY_RESPONSE,HALLMARK_INFLAMMATORY_RESPONSE,158,0.686504871600191,1.39926489155961,0.125850340136054,0.627572016460905,0.620965995235001,255,"tags=6%, list=2%, signal=6%",SLC11A2/CSF3/PTAFR/CXCL8/NAMPT/MMP14/OSMR/EDN1/SGMS2
tnfa,Hallmark,HALLMARK_APICAL_JUNCTION,HALLMARK_APICAL_JUNCTION,164,-0.585880457785978,-1.39478773258632,0.150617283950617,0.627572016460905,0.620965995235001,972,"tags=11%, list=7%, signal=10%",CLDN14/ADAM9/SHROOM2/CRAT/RSU1/BAIAP2/VCAM1/NECTIN2/WASL/EGFR/ICAM4/SLC30A3/CNN2/CD276/FBN1/CADM3/ACTA1/EPB41L2
tnfa,Hallmark,HALLMARK_OXIDATIVE_PHOSPHORYLATION,HALLMARK_OXIDATIVE_PHOSPHORYLATION,139,0.689289884282982,1.39140379617062,0.129533678756477,0.627572016460905,0.620965995235001,389,"tags=5%, list=3%, signal=5%",CYB5R3/COX8A/GRPEL1/POLR2F/SDHA/DECR1/TOMM70
tnfa,Hallmark,HALLMARK_INTERFERON_GAMMA_RESPONSE,HALLMARK_INTERFERON_GAMMA_RESPONSE,146,0.676807102538112,1.36986245868899,0.144329896907216,0.627572016460905,0.620965995235001,296,"tags=3%, list=2%, signal=3%",HELZ2/ISOC1/NAMPT/ST8SIA4/LYSMD2
tnfa,Hallmark,HALLMARK_HEME_METABOLISM,HALLMARK_HEME_METABOLISM,162,0.654444722574643,1.33403809117986,0.16750418760469,0.644246875402654,0.637465329345784,283,"tags=4%, list=2%, signal=4%",SLC11A2/GCLC/SLC22A4/BMP2K/MAP2K3/UROS/MBOAT2
tnfa,Hallmark,HALLMARK_REACTIVE_OXYGEN_SPECIES_PATHWAY,HALLMARK_REACTIVE_OXYGEN_SPECIES_PATHWAY,39,0.733171396549633,1.43183927219233,0.245472837022133,0.721768012263669,0.714170454239841,48,"tags=3%, list=0%, signal=3%",GCLC
tnfa,Hallmark,HALLMARK_SPERMATOGENESIS,HALLMARK_SPERMATOGENESIS,108,0.653074994973594,1.30732293691071,0.226148409893993,0.721768012263669,0.714170454239841,55,"tags=2%, list=0%, signal=2%",PCSK4/HSPA4L
tnfa,Hallmark,HALLMARK_APOPTOSIS,HALLMARK_APOPTOSIS,127,0.631501441672065,1.27335688555442,0.230902777777778,0.721768012263669,0.714170454239841,113,"tags=2%, list=1%, signal=2%",SLC20A1/CD44/APP
tnfa,Hallmark,HALLMARK_G2M_CHECKPOINT,HALLMARK_G2M_CHECKPOINT,171,-0.522202122197614,-1.24158167586319,0.260340632603406,0.721768012263669,0.714170454239841,545,"tags=4%, list=4%, signal=4%",CUL3/HIRA/G3BP1/HIF1A/KPNB1/TGFB1/POLA2
tnfa,Hallmark,HALLMARK_ESTROGEN_RESPONSE_LATE,HALLMARK_ESTROGEN_RESPONSE_LATE,157,-0.513754656379396,-1.2175136971338,0.274271844660194,0.721768012263669,0.714170454239841,581,"tags=7%, list=4%, signal=7%",DHCR7/SORD/WFS1/IDH2/JAK2/CISH/RPS6KA2/LTF/TSPAN13/BTG3/UGDH
tnfa,Hallmark,HALLMARK_PANCREAS_BETA_CELLS,HALLMARK_PANCREAS_BETA_CELLS,29,-0.516014954052426,-1.17542506719366,0.271535580524345,0.721768012263669,0.714170454239841,1578,"tags=21%, list=12%, signal=18%",FOXO1/VDR/SST/SRP9/LMO2/INS
tnfa,Hallmark,HALLMARK_UNFOLDED_PROTEIN_RESPONSE,HALLMARK_UNFOLDED_PROTEIN_RESPONSE,90,-0.500965805935741,-1.15970506649955,0.306666666666667,0.73015873015873,0.722472848788638,1913,"tags=16%, list=15%, signal=13%",EXOSC1/DNAJC3/CNOT4/CNOT6/KHSRP/EDC4/PREB/NOP56/TARS1/KDELR3/XPOT/WFS1/DDX10/PARN
tnfa,Hallmark,HALLMARK_CHOLESTEROL_HOMEOSTASIS,HALLMARK_CHOLESTEROL_HOMEOSTASIS,60,-0.490676105250375,-1.12946163747599,0.292275574112735,0.73015873015873,0.722472848788638,2963,"tags=35%, list=23%, signal=27%",ATXN2/NFIL3/ALCAM/AVPR1A/SQLE/CXCL16/HMGCR/ERRFI1/PLSCR1/CYP51A1/LDLR/PPARG/FASN/ANXA5/GUSB/ECH1/DHCR7/TRIB3/PDK3/LGMN/HSD17B7
tnfa,Hallmark,HALLMARK_FATTY_ACID_METABOLISM,HALLMARK_FATTY_ACID_METABOLISM,125,0.585584887455486,1.17771746793236,0.341463414634146,0.776053215077605,0.767884233866262,258,"tags=5%, list=2%, signal=5%",PPARA/PTS/D2HGDH/SDHA/AOC3/UROS
tnfa,Hallmark,HALLMARK_HEDGEHOG_SIGNALING,HALLMARK_HEDGEHOG_SIGNALING,31,-0.451943754283114,-1.03163086554123,0.367231638418079,0.798329648734954,0.789926178748271,1922,"tags=19%, list=15%, signal=17%",CDK6/UNC5C/NRP1/PTCH1/PLG/SLIT1
tnfa,Hallmark,HALLMARK_E2F_TARGETS,HALLMARK_E2F_TARGETS,170,-0.448213103773528,-1.06658854308152,0.393643031784841,0.820089649551752,0.811457126924892,9,"tags=1%, list=0%, signal=1%",CCNE1/POLA2
tnfa,Hallmark,HALLMARK_MYOGENESIS,HALLMARK_MYOGENESIS,169,0.513021357211088,1.04587293156547,0.460636515912898,0.865695792880259,0.856583205586782,954,"tags=12%, list=7%, signal=11%",CACNG1/MYH8/KCNH1/APP/TPM2/SIRT2/IGFBP3/LAMA2/ITGB5/MYOZ1/ERBB3/FLII/CACNA1H/TEAD4/SCD/PTGIS/MRAS/ENO3/EPHB3/ITGA7
tnfa,Hallmark,HALLMARK_PI3K_AKT_MTOR_SIGNALING,HALLMARK_PI3K_AKT_MTOR_SIGNALING,90,0.52332008022325,1.02955147664314,0.483695652173913,0.865695792880259,0.856583205586782,881,"tags=10%, list=7%, signal=9%",NCK1/MAP2K3/ITPR2/ARPC3/MAP3K7/TIAM1/CDK4/RPS6KA3/PRKCB
tnfa,Hallmark,HALLMARK_ANGIOGENESIS,HALLMARK_ANGIOGENESIS,28,0.501344242250266,0.967589013348929,0.458244111349036,0.865695792880259,0.856583205586782,192,"tags=7%, list=1%, signal=7%",APP/POSTN
tnfa,Hallmark,HALLMARK_MITOTIC_SPINDLE,HALLMARK_MITOTIC_SPINDLE,181,-0.402310851080052,-0.960029095583537,0.5025,0.865695792880259,0.856583205586782,148,"tags=4%, list=1%, signal=4%",ARHGAP5/ARHGDIA/SUN2/ARFGEF1/RALBP1/CDK5RAP2/CKAP5/EPB41L2
tnfa,Hallmark,HALLMARK_XENOBIOTIC_METABOLISM,HALLMARK_XENOBIOTIC_METABOLISM,157,-0.388323634765877,-0.920262888866341,0.519417475728155,0.865695792880259,0.856583205586782,432,"tags=6%, list=3%, signal=6%",PLG/SLC6A6/SLC12A4/CAT/SMOX/TGFB2/FBP1/MCCC2/CD36/UGDH
tnfa,Hallmark,HALLMARK_APICAL_SURFACE,HALLMARK_APICAL_SURFACE,36,0.450931730091425,0.876046103242834,0.494,0.865695792880259,0.856583205586782,2555,"tags=36%, list=20%, signal=29%",APP/CROCC/SCUBE1/NTNG1/CX3CL1/AFAP1L2/CRYBG1/LYN/ADAM10/PLAUR/MDGA1/EFNA5/CD160
tnfa,Hallmark,HALLMARK_UV_RESPONSE_UP,HALLMARK_UV_RESPONSE_UP,123,-0.369069621187863,-0.865548545924456,0.546296296296296,0.881123058542413,0.871848078978809,366,"tags=11%, list=3%, signal=10%",RASGRP1/SLC6A12/NUP58/MSX1/UROD/APOM/FMO1/TARS1/PDAP1/POLG2/IL6/CCNE1/BTG3
tnfa,Hallmark,HALLMARK_UV_RESPONSE_DN,HALLMARK_UV_RESPONSE_DN,130,0.459460125418242,0.925156734796433,0.572916666666667,0.895182291666667,0.885759320175439,469,"tags=4%, list=4%, signal=4%",FZD2/NIPBL/DAB2/KIT/SNAI2
tnfa,Hallmark,HALLMARK_MTORC1_SIGNALING,HALLMARK_MTORC1_SIGNALING,169,0.448573782615952,0.91448663969543,0.596314907872697,0.903507436170753,0.893996831579482,148,"tags=2%, list=1%, signal=2%",GCLC/CORO1A/NAMPT/MAP2K3
tnfa,Hallmark,HALLMARK_IL6_JAK_STAT3_SIGNALING,HALLMARK_IL6_JAK_STAT3_SIGNALING,63,-0.334999446999677,-0.772358788765333,0.642706131078224,0.905945552217063,0.896409283246357,326,"tags=17%, list=2%, signal=17%",TNFRSF1B/CXCL10/ITGB3/CCR1/CSF2RA/IL1R1/HAX1/PIK3R5/TGFB1/IL6/CD36
tnfa,Hallmark,HALLMARK_ALLOGRAFT_REJECTION,HALLMARK_ALLOGRAFT_REJECTION,144,0.377598334136754,0.762982766470999,0.728522336769759,0.905945552217063,0.896409283246357,636,"tags=6%, list=5%, signal=6%",NCK1/CD80/FLNA/ST8SIA4/C2/CSK/MAP3K7/INHBA/SIT1
tnfa,Hallmark,HALLMARK_GLYCOLYSIS,HALLMARK_GLYCOLYSIS,156,0.375421301855259,0.762848471124228,0.741880341880342,0.905945552217063,0.896409283246357,416,"tags=6%, list=3%, signal=6%",GCLC/CD44/EXT2/ZNF292/IGFBP3/FKBP4/FAM162A/RRAGD/LCT
tnfa,Hallmark,HALLMARK_EPITHELIAL_MESENCHYMAL_TRANSITION,HALLMARK_EPITHELIAL_MESENCHYMAL_TRANSITION,166,0.370517305657901,0.75925516145769,0.736227045075125,0.905945552217063,0.896409283246357,1732,"tags=21%, list=13%, signal=19%",CD44/CXCL8/MMP14/TPM2/FLNA/POSTN/DAB2/IGFBP3/MFAP5/COL7A1/LAMA2/ITGB5/SNAI2/P3H1/INHBA/MGP/PFN2/DKK1/PTHLH/VIM/GPC1/COPA/EDIL3/FZD8/CDH11/SPARC/NOTCH2/COL3A1/ADAM12/GJA1/COMP/MMP2/TNFRSF11B/COL6A3/FBLN1
tnfa,Hallmark,HALLMARK_COMPLEMENT,HALLMARK_COMPLEMENT,149,-0.320535794133397,-0.754919097589261,0.723809523809524,0.905945552217063,0.896409283246357,955,"tags=13%, list=7%, signal=13%",GNAI3/PIK3CA/PLA2G4A/ANXA5/ADAM9/CASP7/LCK/RAF1/PIK3CG/COL4A2/AKAP10/KIF2A/PLG/JAK2/LGMN/LTF/PHEX/PIK3R5/IL6/CD36
tnfa,Hallmark,HALLMARK_ADIPOGENESIS,HALLMARK_ADIPOGENESIS,154,0.370213161238725,0.753943290271116,0.745733788395904,0.905945552217063,0.896409283246357,470,"tags=5%, list=4%, signal=4%",COX8A/GRPEL1/APLP2/LPCAT3/RETN/DECR1/REEP5
tnfa,Hallmark,HALLMARK_TNFA_SIGNALING_VIA_NFKB,HALLMARK_TNFA_SIGNALING_VIA_NFKB,148,-0.315887590561912,-0.74463230578404,0.732227488151659,0.905945552217063,0.896409283246357,214,"tags=2%, list=2%, signal=2%",IL6/TNFAIP6/BTG3
tnfa,Hallmark,HALLMARK_ESTROGEN_RESPONSE_EARLY,HALLMARK_ESTROGEN_RESPONSE_EARLY,164,0.356442347511201,0.727245311541664,0.755443886097152,0.905945552217063,0.896409283246357,2223,"tags=23%, list=17%, signal=19%",CD44/TBC1D30/IL17RB/ESRP2/FKBP4/GREB1/ADCY1/TIAM1/MYBBP1A/SLC1A4/HR/MREG/INPP5F/TMPRSS3/FKBP5/BCL2/RBBP8/CALCR/ABAT/WWC1/SCNN1A/TFAP2C/SNX24/GJA1/SLC16A1/SOX3/AMFR/ELOVL5/RRP12/TMEM164/ANXA9/TPBG/ADCY9/ELF3/CLDN7/DYNLT3/MINDY1
tnfa,Hallmark,HALLMARK_NOTCH_SIGNALING,HALLMARK_NOTCH_SIGNALING,25,-0.308092527276002,-0.688216816412413,0.760994263862333,0.905945552217063,0.896409283246357,3492,"tags=40%, list=27%, signal=29%",LFNG/FZD1/CUL1/APH1A/CCND1/NOTCH3/SAP30/DTX2/PRKCA/PSEN2
tnfa,Hallmark,HALLMARK_P53_PATHWAY,HALLMARK_P53_PATHWAY,155,0.341644150270597,0.694426729942602,0.794871794871795,0.919732441471572,0.910051047350818,484,"tags=5%, list=4%, signal=5%",HSPA4L/APP/CTSF/ZBTB16/HMOX1/ZMAT3/FAM162A/PIDD1
tnfa,Hallmark,HALLMARK_IL2_STAT5_SIGNALING,HALLMARK_IL2_STAT5_SIGNALING,165,-0.280636971976341,-0.667071233776984,0.846153846153846,0.919732441471572,0.910051047350818,2086,"tags=19%, list=16%, signal=17%",PLSCR1/PLAGL1/CST7/SHE/IRF6/AHCY/PNP/SMPDL3A/TNFSF11/CD86/P2RX4/CTSZ/TNFRSF1B/CXCL10/PTGER2/NRP1/PTCH1/ETV4/PLPP1/PTH1R/SELL/MYO1E/AGER/EEF1AKMT1/CCND2/SELP/MUC1/CISH/LRIG1/CCNE1/CAPG/APLP1
tnfa,Hallmark,HALLMARK_MYC_TARGETS_V1,HALLMARK_MYC_TARGETS_V1,151,0.313988403191793,0.635985111486362,0.843642611683849,0.919732441471572,0.910051047350818,1970,"tags=15%, list=15%, signal=13%",SSB/RNPS1/PABPC1/TOMM70/RAD23B/PSMA4/CDK4/SRPK1/EIF4G2/MCM5/NOLC1/DEK/SNRPD1/PRPS2/SNRPB2/TRA2B/DUT/RPS3/IMPDH2/CDC20/NCBP2/EIF4A1/RPLP0
tnfa,Hallmark,HALLMARK_ANDROGEN_RESPONSE,HALLMARK_ANDROGEN_RESPONSE,83,-0.269999467081637,-0.62000407392658,0.840807174887892,0.919732441471572,0.910051047350818,2690,"tags=25%, list=21%, signal=20%",HSD17B14/CCND1/MERTK/LIFR/ABCC4/HMGCR/CDK6/ADAMTS1/GPD1L/MAP7/GNAI3/CAMKK2/NKX3-1/NCOA4/DBI/PLPP1/TMEM50A/SORD/PA2G4/AZGP1/MAK
tnfa,Hallmark,HALLMARK_WNT_BETA_CATENIN_SIGNALING,HALLMARK_WNT_BETA_CATENIN_SIGNALING,39,-0.260806219390946,-0.590610708515605,0.895049504950495,0.939583333333333,0.92969298245614,1765,"tags=15%, list=13%, signal=13%",WNT1/SKP2/MAML1/PTCH1/PSEN2/CCND2
tnfa,Hallmark,HALLMARK_MYC_TARGETS_V2,HALLMARK_MYC_TARGETS_V2,43,0.263487176996859,0.512630252109744,0.902,0.939583333333333,0.92969298245614,2342,"tags=33%, list=18%, signal=27%",MYBBP1A/CDK4/MCM5/NOLC1/DCTPP1/UNG/IPO4/FARSA/MPHOSPH10/RRP12/PRMT3/SUPV3L1/HK2/PPRC1
tnfa,Hallmark,HALLMARK_HYPOXIA,HALLMARK_HYPOXIA,158,-0.237413309445664,-0.564768421946634,0.954106280193237,0.973577836931874,0.963329649174697,2137,"tags=15%, list=16%, signal=13%",CCNG2/ERRFI1/UGP2/PDK1/SAP30/KLF7/GRHPR/ANKZF1/PPARGC1A/PGM1/MAP3K1/PRKCA/PPP1R15A/EGFR/KDELR3/DTNA/GALK1/SLC6A6/PDK3/SELENBP1/FOXO3/IL6/FBP1/KDM3A
tnfa,Hallmark,HALLMARK_PROTEIN_SECRETION,HALLMARK_PROTEIN_SECRETION,85,0.209174102789971,0.412304049069528,0.978494623655914,0.978494623655914,0.968194680249009,2811,"tags=28%, list=21%, signal=22%",STX7/RPS6KA3/ARFGEF2/RER1/ATP7A/GALC/RAB9A/CD63/ATP1A1/YIPF6/RAB2A/IGF2R/SEC31A/COG2/VAMP7/ADAM10/AP2S1/PPT1/LMAN1/TMX1/AP2M1/NAPG/TMED2/RAB5A
vegf,Hallmark,HALLMARK_PI3K_AKT_MTOR_SIGNALING,HALLMARK_PI3K_AKT_MTOR_SIGNALING,90,0.78135871407751,1.65294198504075,0.0289304548423757,0.860420650095602,0.860420650095602,2,"tags=1%, list=0%, signal=1%",FGF17
vegf,Hallmark,HALLMARK_SPERMATOGENESIS,HALLMARK_SPERMATOGENESIS,108,-0.713582651618026,-1.5936776121277,0.0673076923076923,0.860420650095602,0.860420650095602,171,"tags=5%, list=1%, signal=5%",ACE/ACRBP/HSPA4L/CCNB2/NAA11
vegf,Hallmark,HALLMARK_UV_RESPONSE_UP,HALLMARK_UV_RESPONSE_UP,123,0.684786136451332,1.4955390282681,0.101659751037344,0.860420650095602,0.860420650095602,514,"tags=9%, list=4%, signal=9%",CLTB/LYN/FGF18/FURIN/TARS1/ONECUT1/MAOA/CEBPG/EIF2S3/CLCN2/TFRC
vegf,Hallmark,HALLMARK_ALLOGRAFT_REJECTION,HALLMARK_ALLOGRAFT_REJECTION,145,0.66717729005483,1.47247984899634,0.0778947368421053,0.860420650095602,0.860420650095602,524,"tags=8%, list=4%, signal=8%",RPL9/LYN/STAB1/IL11/SPI1/CD40LG/MAP3K7/CD96/CD40/ITGB2/PRF1/SRGN
vegf,Hallmark,HALLMARK_INFLAMMATORY_RESPONSE,HALLMARK_INFLAMMATORY_RESPONSE,158,0.643467454000732,1.44628659085176,0.0929752066115702,0.860420650095602,0.860420650095602,295,"tags=4%, list=2%, signal=4%",CXCL8/LYN/STAB1/CSF3/PDE4B/PIK3R5/NMI
vegf,Hallmark,HALLMARK_P53_PATHWAY,HALLMARK_P53_PATHWAY,155,-0.616473315008166,-1.39571093261546,0.133843212237094,0.860420650095602,0.860420650095602,1147,"tags=12%, list=9%, signal=11%",IL1A/TRAFD1/ATF3/PLK2/DCXR/ALOX15B/SP1/SERTAD3/HDAC3/ANKRA2/WRAP73/GLS2/KLF4/ELP1/NINJ1/HSPA4L/TXNIP/APP/CCNG1
vegf,Hallmark,HALLMARK_HEDGEHOG_SIGNALING,HALLMARK_HEDGEHOG_SIGNALING,31,0.651994590033585,1.36652729063066,0.242825607064018,0.860420650095602,0.860420650095602,309,"tags=13%, list=2%, signal=13%",CNTFR/VLDLR/TLE1/RASA1
vegf,Hallmark,HALLMARK_XENOBIOTIC_METABOLISM,HALLMARK_XENOBIOTIC_METABOLISM,157,0.5818695600461,1.30714202116332,0.188796680497925,0.860420650095602,0.860420650095602,504,"tags=7%, list=4%, signal=7%",HPRT1/GABARAPL1/CYP2C18/MAOA/FABP1/PGD/CDA/CYP2J2/CYFIP2/ETFDH/RETSAT
vegf,Hallmark,HALLMARK_ANGIOGENESIS,HALLMARK_ANGIOGENESIS,28,-0.592728862624012,-1.27439191116226,0.231329690346084,0.860420650095602,0.860420650095602,43,"tags=7%, list=0%, signal=7%",APOH/APP
vegf,Hallmark,HALLMARK_MYC_TARGETS_V2,HALLMARK_MYC_TARGETS_V2,43,0.607773016629041,1.26803844927775,0.304347826086957,0.860420650095602,0.860420650095602,280,"tags=5%, list=2%, signal=5%",PPRC1/SUPV3L1
vegf,Hallmark,HALLMARK_HEME_METABOLISM,HALLMARK_HEME_METABOLISM,162,-0.547535285638312,-1.24394989364813,0.241842610364683,0.860420650095602,0.860420650095602,180,"tags=8%, list=1%, signal=8%",OSBP2/HTATIP2/MBOAT2/GAPVD1/RNF19A/ALAS2/FBXO7/ICAM4/SPTB/MARK3/PRDX2/IGSF3/FTCD
vegf,Hallmark,HALLMARK_OXIDATIVE_PHOSPHORYLATION,HALLMARK_OXIDATIVE_PHOSPHORYLATION,139,-0.553611126551812,-1.24130441800098,0.251428571428571,0.860420650095602,0.860420650095602,298,"tags=5%, list=2%, signal=5%",DLST/ALAS1/LRPPRC/HSPA9/NDUFV2/SDHB/NQO2
vegf,Hallmark,HALLMARK_MYC_TARGETS_V1,HALLMARK_MYC_TARGETS_V1,151,0.55896273902926,1.2411023032313,0.242616033755274,0.860420650095602,0.860420650095602,377,"tags=6%, list=3%, signal=6%",HPRT1/MCM6/PRDX3/PRPF31/EIF2S2/AP3S1/FBL/PSMC4/CDC20
vegf,Hallmark,HALLMARK_FATTY_ACID_METABOLISM,HALLMARK_FATTY_ACID_METABOLISM,125,0.564413307676505,1.2305096425759,0.272536687631027,0.860420650095602,0.860420650095602,1088,"tags=15%, list=8%, signal=14%",GABARAPL1/MAOA/FH/FABP1/ALAD/ADIPOR2/ACADS/OSTC/NSDHL/ETFDH/RETSAT/SDHC/TDO2/IL4I1/SERINC1/HMGCL/CD36/GAD2/ALDH9A1
vegf,Hallmark,HALLMARK_KRAS_SIGNALING_DN,HALLMARK_KRAS_SIGNALING_DN,151,0.545782622390429,1.21183760994294,0.270042194092827,0.860420650095602,0.860420650095602,210,"tags=4%, list=2%, signal=4%",RIBC2/CNTFR/MAST3/ABCG4/CD40LG/FGGY
vegf,Hallmark,HALLMARK_ESTROGEN_RESPONSE_EARLY,HALLMARK_ESTROGEN_RESPONSE_EARLY,164,-0.525225194638604,-1.19506212774949,0.277246653919694,0.860420650095602,0.860420650095602,2356,"tags=28%, list=18%, signal=23%",KLF10/MYC/OLFML3/MED24/OVOL2/SOX3/TFAP2C/REEP1/SLC27A2/SYNGR1/GLA/SLC37A1/BCL2/FARP1/MLPH/ELOVL2/JAK2/IL6ST/B4GALT1/SH3BP5/MREG/KRT18/BAG1/GREB1/RAB17/ABHD2/ABLIM1/CALCR/NBL1/GFRA1/MUC1/P2RY2/ADCY1/PAPSS2/CELSR2/RARA/KLF4/FRK/AREG/SYBU/HR/ISG20L2/RPS6KA2/RET/PODXL/ITPK1
vegf,Hallmark,HALLMARK_EPITHELIAL_MESENCHYMAL_TRANSITION,HALLMARK_EPITHELIAL_MESENCHYMAL_TRANSITION,166,0.522418598070789,1.18422949983828,0.30327868852459,0.860420650095602,0.860420650095602,477,"tags=5%, list=4%, signal=5%",CXCL8/GREM1/GJA1/VCAN/COL5A2/MXRA5/ITGAV/FSTL1
vegf,Hallmark,HALLMARK_IL6_JAK_STAT3_SIGNALING,HALLMARK_IL6_JAK_STAT3_SIGNALING,63,0.553935134798906,1.17602939506017,0.339955849889625,0.860420650095602,0.860420650095602,282,"tags=3%, list=2%, signal=3%",CNTFR/PIK3R5
vegf,Hallmark,HALLMARK_APOPTOSIS,HALLMARK_APOPTOSIS,127,-0.50516087984234,-1.13562117318629,0.344168260038241,0.860420650095602,0.860420650095602,1445,"tags=17%, list=11%, signal=15%",PEA15/BCAP31/KRT18/BCL10/CDC25B/IL1A/SOD1/ATF3/IL1B/DAP3/DNAJC3/PSEN1/RARA/SPTAN1/DNM1L/GSR/MGMT/F2/GNA15/TXNIP/APP
vegf,Hallmark,HALLMARK_APICAL_JUNCTION,HALLMARK_APICAL_JUNCTION,165,-0.491584848367721,-1.11772819754322,0.33011583011583,0.860420650095602,0.860420650095602,1438,"tags=16%, list=11%, signal=14%",NFASC/B4GALT1/SYK/GNAI1/CADM2/PIK3CB/CERCAM/ALOX15B/EXOC4/PFN1/CDSN/CDH11/DHX16/GTF2F1/ICAM5/CLDN4/ICAM4/TRAF1/WASL/NF1/CADM3/AMIGO2/DLG1/TIAL1/MSN/INPPL1
vegf,Hallmark,HALLMARK_COMPLEMENT,HALLMARK_COMPLEMENT,149,0.482015928473732,1.07192894037242,0.38655462184874,0.920368147258904,0.920368147258904,825,"tags=11%, list=6%, signal=11%",LYN/CP/ITGAM/CD40LG/PRDM4/IRF2/PIK3R5/ANXA5/PDGFB/CDA/PRSS36/CASP7/GNGT2/BRPF3/RASGRP1/GNAI2/FN1
vegf,Hallmark,HALLMARK_ESTROGEN_RESPONSE_LATE,HALLMARK_ESTROGEN_RESPONSE_LATE,157,0.456556879537715,1.02563310279999,0.439834024896266,0.936283039191317,0.936283039191317,9,"tags=1%, list=0%, signal=1%",HPRT1
vegf,Hallmark,HALLMARK_DNA_REPAIR,HALLMARK_DNA_REPAIR,110,-0.455485062733949,-1.02482061266337,0.425572519083969,0.936283039191317,0.936283039191317,4,"tags=3%, list=0%, signal=3%",ADRM1/LIG1/GUK1
vegf,Hallmark,HALLMARK_TGF_BETA_SIGNALING,HALLMARK_TGF_BETA_SIGNALING,41,0.466835736511245,0.979584274558386,0.454337899543379,0.936283039191317,0.936283039191317,1849,"tags=32%, list=14%, signal=27%",FURIN/MAP3K7/SLC20A1/RHOA/ID1/SMAD3/CTNNB1/SMAD7/TJP1/HIPK2/RAB31/ID3/TGIF1
vegf,Hallmark,HALLMARK_IL2_STAT5_SIGNALING,HALLMARK_IL2_STAT5_SIGNALING,165,0.42876761997567,0.967684364994851,0.493801652892562,0.936283039191317,0.936283039191317,925,"tags=7%, list=7%, signal=7%",GABARAPL1/FURIN/SYT11/ITGAV/CXCL10/P4HA1/CDC6/GPR65/SH3BGRL2/WLS/TIAM1/IL10
vegf,Hallmark,HALLMARK_REACTIVE_OXYGEN_SPECIES_PATHWAY,HALLMARK_REACTIVE_OXYGEN_SPECIES_PATHWAY,39,-0.415708454955208,-0.919694671547141,0.487676056338028,0.936283039191317,0.936283039191317,2501,"tags=23%, list=19%, signal=19%",MSRA/PFKP/NDUFS2/NDUFB4/PRDX1/SOD1/PRDX4/GSR/PRDX2
vegf,Hallmark,HALLMARK_APICAL_SURFACE,HALLMARK_APICAL_SURFACE,36,0.424856808273254,0.893350846153675,0.505592841163311,0.936283039191317,0.936283039191317,243,"tags=6%, list=2%, signal=5%",LYN/ADIPOR2
vegf,Hallmark,HALLMARK_MTORC1_SIGNALING,HALLMARK_MTORC1_SIGNALING,169,0.418410433392345,0.948472385573106,0.525458248472505,0.938318300843759,0.938318300843759,342,"tags=5%, list=3%, signal=5%",HPRT1/VLDLR/EIF2S2/ATP5MC1/ADIPOR2/TCEA1/PSMC4/PGM1/ELOVL6
vegf,Hallmark,HALLMARK_MYOGENESIS,HALLMARK_MYOGENESIS,169,-0.387592017308994,-0.879879998720201,0.594911937377691,0.979087452471483,0.979087452471483,898,"tags=10%, list=7%, signal=9%",SH2B1/BAG1/FLII/ABLIM1/DENND2B/SCD/CTF1/KIFC3/MEF2D/ATP2A1/IGFBP7/GAA/SPTAN1/FST/FKBP1B/TNNI2/APP
vegf,Hallmark,HALLMARK_KRAS_SIGNALING_UP,HALLMARK_KRAS_SIGNALING_UP,155,-0.386835368195228,-0.875804904069943,0.590822179732314,0.979087452471483,0.979087452471483,1003,"tags=20%, list=8%, signal=19%",EPB41L3/RETN/SPP1/TMEM100/FLT4/MAP7/ATG10/SERPINA3/CSF2/HBEGF/IL1RL2/ERO1A/NR1H4/GPRC5B/ITGBL1/IL1B/RBP4/SNAP91/PTCD2/KLF4/ARG1/ZNF639/ACE/HOXD11/TRAF1/ALDH1A3/GABRA3/TMEM176B/ANXA10/KCNN4/GADD45G
vegf,Hallmark,HALLMARK_INTERFERON_ALPHA_RESPONSE,HALLMARK_INTERFERON_ALPHA_RESPONSE,65,-0.353321161414485,-0.785001484542254,0.621572212065813,0.979087452471483,0.979087452471483,2249,"tags=23%, list=17%, signal=19%",IFI35/IL4R/HERC6/CCRL2/LY6E/PLSCR1/B2M/TMEM140/PARP12/TRAFD1/IL15/DDX60/RSAD2/MOV10/TXNIP
vegf,Hallmark,HALLMARK_MITOTIC_SPINDLE,HALLMARK_MITOTIC_SPINDLE,181,0.327537524730101,0.747660857928745,0.766129032258065,0.979087452471483,0.979087452471483,1671,"tags=16%, list=13%, signal=14%",CDC42EP2/CDC27/KATNB1/KPTN/DYNLL2/INCENP/TUBGCP3/MAP3K11/RASA1/PRC1/TLK1/PXN/NIN/ALS2/CENPE/RHOF/TIAM1/DLGAP5/KIF15/MYH10/STK38L/KIF4A/STAU1/NEDD9/TRIO/ARHGEF12/DOCK4/PCNT/ARHGEF7
vegf,Hallmark,HALLMARK_UV_RESPONSE_DN,HALLMARK_UV_RESPONSE_DN,130,0.331494480476809,0.726759074738033,0.754166666666667,0.979087452471483,0.979087452471483,2208,"tags=21%, list=17%, signal=17%",VLDLR/KCNMA1/GJA1/MRPS31/COL5A2/NIPBL/MAP2K5/ID1/ATRX/ADD3/SMAD3/ABCC1/NR3C1/SMAD7/MGLL/TJP1/GRK5/DYRK1A/MAPK14/LDLR/VAV2/ANXA2/ATP2C1/NOTCH2/SFMBT1/EFEMP1/PIAS3
vegf,Hallmark,HALLMARK_CHOLESTEROL_HOMEOSTASIS,HALLMARK_CHOLESTEROL_HOMEOSTASIS,60,-0.318130149989665,-0.697704355611983,0.717190388170055,0.979087452471483,0.979087452471483,2937,"tags=33%, list=22%, signal=26%",LGMN/DHCR7/SC5D/PCYT2/ERRFI1/NIBAN1/TP53INP1/ACSS2/SREBF2/CYP51A1/NFIL3/PLSCR1/SQLE/ACAT2/GNAI1/ATF3/SCD/STX5/TMEM97/FADS2
vegf,Hallmark,HALLMARK_WNT_BETA_CATENIN_SIGNALING,HALLMARK_WNT_BETA_CATENIN_SIGNALING,39,0.329522011786856,0.692750147845543,0.668202764976959,0.979087452471483,0.979087452471483,1709,"tags=23%, list=13%, signal=20%",AXIN1/KAT2A/CSNK1E/JAG1/NKD1/CTNNB1/CCND2/NCSTN/ADAM17
vegf,Hallmark,HALLMARK_ANDROGEN_RESPONSE,HALLMARK_ANDROGEN_RESPONSE,83,-0.3000600716327,-0.669627895687225,0.770676691729323,0.979087452471483,0.979087452471483,1874,"tags=22%, list=14%, signal=19%",XRCC6/MAP7/VAPA/B2M/PLPP1/B4GALT1/NCOA4/DBI/ABHD2/PTPN21/SCD/CDC14B/XRCC5/ADRM1/IQGAP2/ALDH1A3/GSR/HPGD
vegf,Hallmark,HALLMARK_COAGULATION,HALLMARK_COAGULATION,111,0.306742631328221,0.663317251149257,0.809917355371901,0.979087452471483,0.979087452471483,825,"tags=7%, list=6%, signal=7%",FURIN/ISCU/CTSK/TF/PDGFB/F9/RAC1/FN1
vegf,Hallmark,HALLMARK_HYPOXIA,HALLMARK_HYPOXIA,159,0.292068350398334,0.655832055998621,0.838509316770186,0.979087452471483,0.979087452471483,1330,"tags=11%, list=10%, signal=10%",CP/VLDLR/MAP3K1/PDGFB/CHST3/PGM1/SLC37A4/P4HA1/GPC3/WSB1/HK1/MXI1/ISG20/DCN/IER3/AMPD3/NR3C1/KLF7
vegf,Hallmark,HALLMARK_UNFOLDED_PROTEIN_RESPONSE,HALLMARK_UNFOLDED_PROTEIN_RESPONSE,90,0.308358250229973,0.652323048371688,0.786324786324786,0.979087452471483,0.979087452471483,2421,"tags=26%, list=18%, signal=21%",TARS1/EIF4G1/CEBPG/EDC4/PARN/SDAD1/ATF6/BAG3/PREB/SPCS1/PSAT1/IARS1/IFIT1/EIF4A2/NOP56/SEC31A/MTHFD2/EIF4EBP1/EIF4A1/NOP14/RPS14/PDIA6/CNOT2
vegf,Hallmark,HALLMARK_E2F_TARGETS,HALLMARK_E2F_TARGETS,170,0.280992165421113,0.637764448546282,0.864372469635628,0.979087452471483,0.979087452471483,1848,"tags=17%, list=14%, signal=15%",ATAD2/MCM6/CDKN3/SUV39H1/CDC20/CDCA3/TFRC/UBR7/GINS4/CENPE/RPA2/SRSF1/DLGAP5/PCNA/CDC25A/TK1/SNRPB/RAD1/KIF4A/BRCA1/PA2G4/KIF18B/SPC24/NOP56/LBR/SMC6/TRA2B/MTHFD2/CNOT9
vegf,Hallmark,HALLMARK_PANCREAS_BETA_CELLS,HALLMARK_PANCREAS_BETA_CELLS,29,0.302949437078845,0.635064707657297,0.745614035087719,0.979087452471483,0.979087452471483,1230,"tags=17%, list=9%, signal=16%",G6PC2/SYT13/ELP4/SPCS1/HNF1A
vegf,Hallmark,HALLMARK_G2M_CHECKPOINT,HALLMARK_G2M_CHECKPOINT,171,0.275707919066827,0.624299287591234,0.880324543610548,0.979087452471483,0.979087452471483,1173,"tags=11%, list=9%, signal=10%",MCM6/CDC27/INCENP/CDKN3/SUV39H1/PRC1/CDC20/FANCC/CDC6/CENPE/RPA2/SRSF1/TRAIP/ATRX/SMAD3/CDC25A/CCNA2/KIF15
vegf,Hallmark,HALLMARK_ADIPOGENESIS,HALLMARK_ADIPOGENESIS,154,-0.264409490567836,-0.598445964511731,0.908745247148289,0.979087452471483,0.979087452471483,2482,"tags=25%, list=19%, signal=20%",SLC27A1/ELMOD3/IFNGR1/DHCR7/CYC1/HADH/ITGA7/CRAT/IMMT/TST/UCK1/CPT2/GPHN/MYLK/REEP5/CHUK/ESYT1/SUCLG1/ETFB/RETN/ABCA1/GPAT4/ANGPT1/AIFM1/SAMM50/EPHX2/DLD/SOD1/IDH1/SLC66A3/LTC4S/PTCD3/PHLDB1/MCCC1/ABCB8/ACLY/SDHB/PLIN2
vegf,Hallmark,HALLMARK_BILE_ACID_METABOLISM,HALLMARK_BILE_ACID_METABOLISM,83,0.264925763817963,0.562272442430848,0.86595744680851106,0.979087452471483,0.979087452471483,1088,"tags=11%, list=8%, signal=10%",PEX1/ABCG4/RETSAT/IDH2/TTR/SULT1B1/GC/HSD17B6/ALDH9A1
vegf,Hallmark,HALLMARK_INTERFERON_GAMMA_RESPONSE,HALLMARK_INTERFERON_GAMMA_RESPONSE,146,-0.2325455331008,-0.523539114462274,0.971590909090909,0.979087452471483,0.979087452471483,2778,"tags=21%, list=21%, signal=17%",RTP4/CASP4/TDRD7/PSMB10/IRF8/PFKP/CD86/IFI35/FCGR1A/IL4R/HERC6/MYD88/CD38/SERPING1/LY6E/PLSCR1/JAK2/B2M/ST3GAL5/LYSMD2/PTPN1/PARP12/TRAFD1/IL15/PTPN2/NAMPT/DDX60/RSAD2/MX2/ZNFX1/TXNIP
vegf,Hallmark,HALLMARK_PEROXISOME,HALLMARK_PEROXISOME,85,-0.232125223613645,-0.518945451606492,0.943502824858757,0.979087452471483,0.979087452471483,2822,"tags=21%, list=22%, signal=17%",CRABP2/HSD11B2/CRAT/EHHADH/SMARCC1/DLG4/ERCC3/PRDX1/SLC27A2/CACNA1B/EPHX2/BCL10/SOD1/IDH1/SLC25A17/CLN6/RDH11/CTPS1
vegf,Hallmark,HALLMARK_GLYCOLYSIS,HALLMARK_GLYCOLYSIS,156,-0.227234488481753,-0.514820820954342,0.967370441458733,0.979087452471483,0.979087452471483,3085,"tags=31%, list=24%, signal=24%",XYLT2/GALK2/BPNT1/B3GAT1/CACNA1H/GPC4/GOT2/NT5E/RRAGD/KIF2A/PFKP/STC1/EGLN3/NASP/LDHC/CDK1/MED24/CAPN5/CENPA/ABCB6/PHKA2/PAXIP1/IRS2/CHPF2/PPP2CB/HK2/HAX1/ENO1/B4GALT1/DPYSL4/CITED2/ERO1A/DLD/P4HA2/SOD1/MDH1/IDH1/SLC35A3/ECD/EXT1/CLN6/GLCE/LCT/ZNF292/KIF20A/B4GALT7/ALDH7A1/COPB2
vegf,Hallmark,HALLMARK_TNFA_SIGNALING_VIA_NFKB,HALLMARK_TNFA_SIGNALING_VIA_NFKB,149,-0.226173756509191,-0.510502430412234,0.979087452471483,0.979087452471483,0.979087452471483,2356,"tags=21%, list=18%, signal=17%",KLF10/MYC/REL/IL7R/TNIP1/IRS2/ABCA1/NFIL3/CCRL2/SPHK1/CSF2/HBEGF/PTX3/IL6ST/B4GALT1/IL12B/ACKR3/BCL2A1/IL1A/ATF3/PLK2/IL1B/NAMPT/KLF4/F3/EGR1/AREG/TRAF1/RCAN1/PLEK/NINJ1
vegf,Hallmark,HALLMARK_PROTEIN_SECRETION,HALLMARK_PROTEIN_SECRETION,85,-0.226115540777127,-0.505510041507333,0.954802259887006,0.979087452471483,0.979087452471483,3690,"tags=31%, list=28%, signal=22%",ADAM10/SNX2/SNAP23/VPS45/CLN5/RPS6KA3/MON2/GALC/PPT1/ERGIC3/LAMP2/TSPAN8/DOP1A/ANP32E/RAB14/ARFGAP3/GLA/ABCA1/STX12/KRT18/TSG101/SOD1/MAPK1/DNM1L/COPB2/AP3B1
vegf,Hallmark,HALLMARK_NOTCH_SIGNALING,HALLMARK_NOTCH_SIGNALING,25,0.243792176420621,0.500057432351067,0.932885906040268,0.979087452471483,0.979087452471483,2159,"tags=20%, list=16%, signal=17%",KAT2A/JAG1/ARRB1/SKP1/NOTCH2
